sample_type,time_year,eta_mean,eta_ci95_low,eta_median,eta_ci95_high,beta_mean,beta_ci95_low,beta_median,beta_ci95_high,pf_mean,pf_ci95_low,pf_median,pf_ci95_high,qservice_max_beta3_mean,qservice_max_beta3_ci95_low,qservice_max_beta3_median,qservice_max_beta3_ci95_high
prior,0.0,0.9500000000000001,0.95,0.95,0.95,2.167266791106727,2.1672667911067265,2.1672667911067265,2.1672667911067265,0.015107258569036388,0.015107258569036386,0.015107258569036386,0.015107258569036386,714.5877964129263,714.5877964129262,714.5877964129262,714.5877964129262
prior,1.0,0.9276926218825597,0.8960053233661612,0.9304894149736551,0.9437800744613116,2.131930895771507,2.081266464370796,2.1364270882046865,2.1574637506204626,0.016523528042314054,0.015484759907021334,0.01632227803792209,0.01870474974024769,707.6373777301197,697.7644114650319,708.508788204715,712.649823853257
prior,2.0,0.9063174037108485,0.845970470948905,0.9115652698908439,0.9376286216488404,2.097647402740557,1.9997016652868371,2.1062605078986154,2.147742373067683,0.01803800854956718,0.0158669697893998,0.017590829258973734,0.022765969515922926,700.9773966714952,682.1748082762789,702.6124999521354,710.7331856751119
prior,3.0,0.88582710735329,0.7995619678508463,0.8931852389520991,0.931541100649369,2.064392635764214,1.9223646415003657,2.076717961065504,2.1380961866025023,0.019648449502763086,0.016254219676684407,0.018913708935903016,0.027279822173550825,694.5931350218272,667.7150844451912,696.8857439992545,708.8364670439958
prior,4.0,0.8661772643064525,0.756460913029394,0.8753732697464292,0.9255199950885955,2.032142325842795,1.8490243393531314,2.0478559199520388,2.1285298168261235,0.021351349190890476,0.016646448137835248,0.020286645847114988,0.03222617697710068,688.4707375124499,654.2858784173666,691.3359818132684,706.9604417952897
prior,5.0,0.8473259951190112,0.7165382540921786,0.8580538391753991,0.9195595670817098,2.000871740738318,1.7797368380818028,2.0195689397815006,2.1190348157757932,0.023142106072299256,0.017043577383631773,0.021713192067541402,0.03755940101708723,682.5971555582993,641.8469807090071,685.939682293768,705.1033221482169
prior,6.0,0.8292338415234444,0.67942338252095,0.8412763730328684,0.9136650250650147,1.9705558092874995,1.7141071873244547,1.9919541208929876,2.109620144505761,0.025015202531546887,0.01744552662636461,0.02318786310553443,0.04325267094447627,676.9600949543675,630.2829190151341,680.7122452765941,703.2667309206984
prior,7.0,0.8118636103303435,0.644943353200912,0.8249878422893913,0.9078291408413803,1.9411692392591888,1.6520486502317664,1.9649404260517758,2.1002749085114973,0.02696440446629109,0.017852142480151243,0.024710435365022997,0.04925838566018286,671.5479672370897,619.5398079821819,675.6371482482068,701.448415988074
prior,8.0,0.7951802282134347,0.6129611239343632,0.8091877104117876,0.9020560922345205,1.9126866277696803,1.5935161004432403,1.9385421322269807,2.0910064280550476,0.028982962103328565,0.018263607562661415,0.026278251839114208,0.05552150252089786,666.3498444390048,609.5749487037068,670.7142240383442,699.6496790552696
prior,9.0,0.7791506065807641,0.5831281817550947,0.7938415922985801,0.8963598370877389,1.8850825635336232,1.5380480319216765,1.9127162423491948,2.081837852869351,0.031063800546211367,0.018678550796915435,0.027892136815154962,0.062016122992036564,661.355416986012,600.2797532937287,665.932759113105,697.8748690356524
prior,10.0,0.7637435157894997,0.5554845153656962,0.7790115494522443,0.8907313603947198,1.8583317204771352,1.4858783616322295,1.8875820612422913,2.0727554410998876,0.03319969200886738,0.019097373085327784,0.029541016696450727,0.06865358284301824,656.5549545058615,591.666681227499,661.3120902777383,696.121177079702
prior,11.0,0.748929468018867,0.5296401667774006,0.7645444108645335,0.8851584285474259,1.832408942466458,1.4364128698270524,1.862893138586967,2.0637400882300483,0.035383404955314744,0.019520318809374656,0.03123862502639231,0.07544140442525464,651.939269334304,583.614231391065,656.8044932935744,694.3847915024495
prior,12.0,0.7346806081682619,0.5057314369623214,0.7505356688245536,0.8796326116781232,1.807289319105316,1.3900405496505446,1.8388244896647281,2.0547786671178536,0.03760782812228979,0.019949592033793234,0.032970020346726366,0.08225786023942637,647.4996825216831,576.1648717435958,652.4397211592297,692.663085768859
prior,13.0,0.7209706121959729,0.4833248679577654,0.7369554995309477,0.8741969475365395,1.7829482527245533,1.3460342606374058,1.8153379790071873,2.0459416908492405,0.03986606951231715,0.020380103686550695,0.03473597359370994,0.08914530712033904,643.2279921578344,569.1835476719378,648.2084815273449,690.969469360681
prior,14.0,0.7077745923584796,0.46250510376649195,0.7237387067061005,0.8688435068692972,1.7593615168279115,1.3046579525435227,1.7923322398209178,2.0372171920237983,0.042151531906939044,0.02081351058980416,0.03653926012241443,0.0959947145623397,639.1164438470315,562.6966321211801,644.0904608754789,689.301471721738
prior,15.0,0.6950690088513488,0.4430203344711381,0.7110549575128386,0.8634551498869376,1.7365053063686426,1.2655003587609974,1.7701156100496038,2.028414445171986,0.04445796734204389,0.021258054487089287,0.03835263695627765,0.10284074854821117,635.1577031775095,556.6256674462807,640.1385232297026,687.6225950360669
prior,16.0,0.6828315873905473,0.42475547198957747,0.6986625441267945,0.858184803019008,1.7143562803149677,1.2284045868315798,1.7482764140453717,2.0197836705110896,0.04677951342488528,0.02170233873485508,0.04020757120779948,0.10964048050544492,631.3448300418703,550.9347950917444,636.277358503397,685.9804873377582
prior,17.0,0.6710412423078431,0.4077575259511883,0.6866374528981893,0.8529455127062071,1.6928915970206946,1.1935360500105203,1.7269574860811914,2.011183251813584,0.04911071447687251,0.022151788055746146,0.04208605351099183,0.11631274964380191,627.6712546755434,545.6386620772512,632.5306421345912,684.3480560819188
prior,18.0,0.6596780047660742,0.3920454566699634,0.6749597357460463,0.8478158221516495,1.6720889429537187,1.161002949473744,1.7061332006550662,2.0027428445718476,0.05144653036689676,0.02260111809962068,0.043991515667750405,0.12281739636516739,624.1307552904665,540.7431759603776,628.8921588023287,682.7497733577139
prior,19.0,0.6487229557296741,0.37703443096311023,0.6636357748122615,0.8427332756940955,1.6519265553528728,1.1296451243967158,1.6858243694574273,1.9943604988404637,0.053782335645863426,0.02305559453646194,0.04591417781121124,0.12930487695922582,620.7174371903833,536.0661174117787,625.3638970217112,681.1661795499235
prior,20.0,0.6381581633531385,0.36326698496558635,0.6527915981330955,0.8377197803050452,1.6323832393859,1.1006436494571719,1.6662683128879807,1.9860729208740429,0.05611391127121046,0.02350930336475849,0.04782862821654373,0.13552493821599026,617.4257132626645,531.7765270631528,621.9851239631416,679.6041003205867
prior,21.0,0.6279666244752969,0.35011399489184086,0.6420974513891304,0.8326777315102837,1.6134383803712784,1.0727171945573744,1.6468784983320064,1.9777189082292181,0.058437430867384406,0.023979308051106877,0.049787809210142135,0.1416870537387233,614.2502857493918,527.6783857458701,618.6530964637817,678.0331245672623
prior,22.0,0.6181322099304744,0.3379527671335955,0.6317221614738221,0.8277493802688861,1.5950719516070648,1.046702800287773,1.6279667434017953,1.969534550358163,0.06074944313488854,0.024445613811929372,0.05176477085432529,0.14761038668705198,611.1861292076886,523.8892526540393,615.4204167428729,676.4975741155998
prior,23.0,0.6086396134090555,0.32657220146395666,0.6218311389725307,0.8228914425751674,1.5772645183233218,1.0221873487989075,1.6098449744031484,1.96144892465209,0.06304685171441231,0.024913170829422515,0.05371548477487806,0.15334526279400232,608.2284745759581,520.343354259583,612.3386225838683,674.9839627566776
prior,24.0,0.5994743036197389,0.31575048254967547,0.6120698411699262,0.8179896582781263,1.5599972382432292,0.998720283728876,1.591871240312837,1.9532719213492944,0.06532689354252955,0.025393526700398107,0.05570552501551162,0.15896007611052299,605.3727942688415,516.9715784764353,609.2972473824224,673.4566898975419
prior,25.0,0.5906224795240195,0.30554406323164196,0.6027288016009332,0.8132380817192242,1.5432518592034683,0.976446830392762,1.5745871332801173,1.9453277703289797,0.06758711650432794,0.025865363607728703,0.057674283934388226,0.16440435186468808,602.614788229409,513.7915145917801,606.3868140901114,671.9762179965452
prior,26.0,0.5820710284302905,0.29603358066941615,0.5935990955293154,0.808517072166139,1.5270107142483558,0.9555676885554194,1.5576137146219,1.9374173715469805,0.0698253569951633,0.026344922617322228,0.059660123544923525,0.16964047964617027,599.9503708723332,510.8282871190131,603.5422270071009,670.5052700067491
prior,27.0,0.5738074867505119,0.2871096734288079,0.5847530941505397,0.8038335741455416,1.5112567145757574,0.9358658672289507,1.5410912621503416,1.9295526601059503,0.07203971784544387,0.02682896312771893,0.06164465452252547,0.17466380571209494,597.3756588566536,508.04782178228834,600.7860351800072,669.0460096682247
prior,28.0,0.565820003236774,0.2786965519439746,0.5761886803712083,0.7992947906022118,1.4959733406768112,0.9171927422450841,1.5250223780703938,1.9219145746852155,0.0742285469348463,0.02730823142315489,0.06362459606869972,0.179519402426328,594.8869596312126,505.4265044566457,598.1175789757071,667.6318387257367
prior,29.0,0.5580973045283522,0.2707408227566605,0.568021401843141,0.7947823486640153,1.4811446319767714,0.8994455044709014,1.5096316935045049,1.91430476296965,0.07639041672124565,0.027789152972786644,0.0655678051987282,0.18420425510549066,592.4807606999836,502.9476990816821,595.5728601400685,666.2258751657341
prior,30.0,0.5506286628521289,0.26330160904654837,0.5599231827087573,0.7902520868488481,1.4667551752512027,0.8827711700091699,1.4943060806029356,1.9066487278932664,0.07852410483062992,0.02827978574359938,0.06754674279812393,0.188665446739798,590.1537195583344,500.62982695507253,593.0496584768001,664.8143593796846
prior,31.0,0.5434038657305925,0.2562230327318907,0.5522172212510923,0.7858772952611766,1.452790092060711,0.8668333387259999,1.4796621379287962,1.8992399904410515,0.08062857579345627,0.028765781783067896,0.06948156889994413,0.19300514340622685,587.9026542547991,498.424320382043,590.6486744524846,663.4512842112691
prior,32.0,0.536413187562113,0.2495943486896499,0.5446777737402866,0.781466555508948,1.4392350254185609,0.8518443931850549,1.4652769021534182,1.8917549488861003,0.08270296396684597,0.029261689000379544,0.07142140809608473,0.1971419582066486,585.724534536207,496.35898894026366,588.2995719913497,662.0770084977589
prior,33.0,0.5296473629478842,0.24332980499709023,0.5373599164822023,0.7770817698245821,1.4260761258789985,0.8376214166843442,1.4512594206829201,1.8842985357107909,0.0847465576477684,0.02975975561215387,0.07334980759339624,0.20111871428000902,583.6164735370273,494.4071144846106,586.0195114868417,660.710819419855
prior,34.0,0.5230975616488936,0.23715140485305242,0.5303420807957745,0.7727952582611131,1.4133000372098796,0.8235389148254234,1.43776531078863,1.8769943210224551,0.08675878435746284,0.030257200838745908,0.07524947705577864,0.20507611136304002,581.5757199765906,492.48208019483894,583.832930167826,659.3752500894768
prior,35.0,0.5167553650645784,0.23153279836578539,0.5234345217300768,0.768536227770252,1.4008938817912566,0.8106844840039444,1.4244337999608123,1.8697222666429478,0.088739197259762,0.030759350614499005,0.07715629167231397,0.20876649815397777,579.599650830428,490.73146354707126,581.6807082737937,658.0482431710268
prior,36.0,0.5106127441324945,0.22619159685422452,0.5168179957000958,0.7643100777773014,1.3888452458618203,0.7984221219652784,1.4116176455520486,1.862491843997453,0.0906874626640592,0.031265014684542375,0.07902947763491722,0.21229979887286246,577.6857644443638,489.06727932160356,579.6191649632374,656.7314809898012
prior,37.0,0.5046620385554444,0.22107647445859413,0.5103431130430827,0.7601354190881052,1.3771421647174054,0.786639616598856,1.399031646450189,1.855335269334041,0.09260334855607905,0.0317719883943772,0.08089307003563491,0.21573163325198047,575.8316740622103,487.47353566978296,577.601754169761,655.4307622054164
prior,38.0,0.4988959372690788,0.216250367153184,0.5041422508753074,0.7561196491507862,1.365773107950007,0.7754874755169311,1.3869370171769801,1.8484376611690398,0.09448671409530836,0.0322652163509654,0.08272374189321242,0.21901003556539445,574.0351017399624,485.96984186031074,575.6697212776158,654.179549164993
prior,39.0,0.4933074600690806,0.2116569014448159,0.4980154920989604,0.7519632902782551,1.3547269648017968,0.7648408229364544,1.3749469920723423,1.8412846663742886,0.09633750001608879,0.0327887604462322,0.08457246343002735,0.22217910542498373,572.2938726212907,484.53863332875716,573.7607771408382,652.8845321438082
prior,40.0,0.48788994032268856,0.2072710536962634,0.4922136307261954,0.7480361792341591,1.3439930296963014,0.7546459948425087,1.3635559573095952,1.8345131533757673,0.09815571986931049,0.03328646900669641,0.08635332189555188,0.22521628450810205,570.6059095508858,483.17211333833063,571.9530628739251,651.6609429874924
prior,41.0,0.48263700869454107,0.20307983703020538,0.4864238893496007,0.7439836481917725,1.3335609879980905,0.7448766052045566,1.3521527717414874,1.8275120356315095,0.09994145204287098,0.03380898490010595,0.08815563837096517,0.22815053444858474,568.9692280038403,481.8662355042751,570.1491248933769,650.3982761101314
prior,42.0,0.47754257782166765,0.19905968751866424,0.48095316965128554,0.7401004878278348,1.323420902042835,0.7354810507766365,1.3413447145380548,1.8207907580285891,0.10169483250118287,0.034318193981645935,0.08990052805056743,0.23098297409511453,567.3819313107608,480.6136578985346,568.4445860542812,649.1883808817564
prior,43.0,0.4726008278769505,0.19526885169813626,0.4756417398969405,0.7364029699769232,1.3135631974713677,0.7265989704503599,1.3308203014147029,1.8143791523193151,0.10341604818672993,0.03480953359921475,0.09162383965393507,0.2337320651285661,565.8422061597056,479.4325286787878,566.7896779605259,648.0363271972899
prior,44.0,0.46780619296454024,0.1916150143136309,0.47047203044270697,0.732488625988286,1.3039786498941923,0.7180171486537533,1.3205471503202935,1.8075791311569125,0.10510533102975769,0.035334173649998454,0.09332315491793901,0.23635658766787898,564.3483183573378,478.29408473044464,565.1789263524157,646.8167159347594
prior,45.0,0.4631533482945744,0.1882369155075581,0.4653176453449322,0.7287741359867879,1.2946583719067164,0.7100647661210554,1.3102752617320048,1.8011144304765143,0.10676295251547242,0.0358359141183113,0.09504979479117111,0.23882221344236731,562.8986088328892,477.24155399686913,563.572949428846,645.6593741544931
prior,46.0,0.4586371980881329,0.18496353658823503,0.4605089717702055,0.7250311606910096,1.2855938004701495,0.7023421554047615,1.3006658961308526,1.794588421795002,0.10838921876148487,0.03635831719392121,0.09668516795981077,0.24122459225269502,561.4914898696494,476.22165134954815,562.0746875319372,644.4931570720507
prior,47.0,0.4542528641666884,0.18171608321545504,0.45569722236616833,0.7213292785218911,1.276776684668445,0.6946643483213056,1.2910247103749801,1.7881224349082023,0.1099844660615852,0.036872750087154876,0.09833782547242388,0.24360804145687243,560.125441549724,475.20982645130664,560.5754672838768,643.3397435756581
prior,48.0,0.4499956751833971,0.1788187260909834,0.45117035732271943,0.7177505118800123,1.2681990738477769,0.6878004461721057,1.281930771551058,1.7818604607645503,0.11154905685520522,0.03738372954497267,0.09992738880104114,0.24578667982324348,558.7990083987759,474.30708274997727,559.1650098465714,642.2246897850168
prior,49.0,0.4458611564564436,0.17588923100594842,0.446722942675675,0.7142333267912968,1.2598533061417405,0.6808471133441124,1.2729740731860562,1.7756956371933121,0.11308337608507095,0.037891225324041315,0.1015087147641954,0.2479523216240498,557.510796218351,473.39432566740925,557.7793071570725,641.1288232594754
prior,50.0,0.4418450203673135,0.17310743503600054,0.4423810918994552,0.7106500009204259,1.2517319973826906,0.674231932329411,1.2642084798894866,1.7694040378438414,0.11458782790854448,0.03841230044840002,0.1030773580980563,0.2500741026421517,556.2594690942207,472.52758791905126,556.4264955180657,640.0123489276034
posterior,0.0,0.95,0.95,0.95,0.95,2.1672667911067265,2.1672667911067265,2.1672667911067265,2.1672667911067265,0.015107258569036388,0.015107258569036386,0.015107258569036386,0.015107258569036386,714.5877964129263,714.5877964129262,714.5877964129262,714.5877964129262
posterior,1.0,0.9343798457323647,0.9251145390188461,0.9347051406715055,0.9417536854571893,2.1425913063031468,2.127884713722546,2.143113089782217,2.154264260869088,0.01607493275939281,0.015609710162089079,0.016051994358667304,0.016673244161005102,709.7209487054758,706.8341118685988,709.822302437435,712.0184519403977
posterior,2.0,0.919170478439376,0.9012117258924357,0.9197693582748852,0.933631122560564,2.1183898555990064,2.0896488226086984,2.119369438935077,2.1414109078026358,0.017078917954762945,0.016120430604919304,0.017029551023212932,0.01832436426289277,704.9820919007756,699.3865957126974,705.1686878142696,709.4876653723053
posterior,3.0,0.9043598553895361,0.8782857393176059,0.9051897951222507,0.9256065110110397,2.094655454569434,2.0525910182181795,2.0960404598185445,2.128667453534513,0.01811856314566602,0.016640593493062635,0.01803898767339909,0.020055919910075912,700.3674737861916,692.2434341733818,700.6260621596658,706.9873979835317
posterior,4.0,0.8899363297858436,0.8562440369594778,0.8909591034553519,0.9176997520786266,2.0713810828146344,2.016600246077558,2.0731233834731855,2.116066998647684,0.019193109128570994,0.017169385012440416,0.019080102492053906,0.021868300596620642,695.8734655123341,685.3757933836728,696.1921360967215,704.5238505099122
posterior,5.0,0.8758886360732098,0.8350413839604464,0.877067572002578,0.9098927367070965,2.04855969396843,1.9816375773635393,2.0506112752133663,2.103582193172105,0.020301696965240743,0.017707057112077776,0.020152350517809427,0.023759603960771588,691.4965570152167,678.7695792981941,691.8638838371397,702.0913806244075
posterior,6.0,0.8622058758639195,0.8147093851401674,0.8635057991771584,0.9022034977431086,2.026184225204562,1.9477895086569446,2.0284972889399118,2.0912433800948524,0.021443376759688007,0.018252973464076245,0.021254472403029655,0.025719928383576476,687.2333526309839,672.4346391848698,687.6383760826412,699.6956069090697
posterior,7.0,0.848877504451684,0.7951699880933323,0.8502541578803618,0.8945999022841613,2.0042476062364174,1.914959110877673,2.0067573500895577,2.0790003825194714,0.022617116592992422,0.01880815529375327,0.02238751387184268,0.027748261733133585,683.080566894028,666.3466538748021,683.5094975222738,697.3265175586249
posterior,8.0,0.8358933178864191,0.7763355442532046,0.8373394427007284,0.8871262704523021,1.9827427678104654,1.8830280295971367,1.985443425242217,2.0669260456876275,0.02382181147916798,0.019370204609242884,0.023547542899162065,0.02984739220310467,679.0350205098158,660.4783142762391,679.4855966767741,694.9979216098271
posterior,9.0,0.8232434405833581,0.7581841453371554,0.8247316135273639,0.879724461752643,1.9616626496976068,1.8519853487302613,1.9645138645509785,2.0549278057423215,0.025056292227146355,0.019942562879821497,0.02473459341009345,0.032013216860107926,675.0936364941988,654.8227943186268,675.5573138021643,692.6917039448991
posterior,10.0,0.8109183134415108,0.7407469162769428,0.8123837824467771,0.8724661160016586,1.9410002081899567,1.821910515609732,1.9438976131174617,2.043123261810324,0.026319334114143906,0.020519850267754058,0.025952914917474132,0.034234120731458546,671.253436471423,649.389791748875,671.7100398023772,690.430185731135
posterior,11.0,0.7989086824477898,0.7239978985845859,0.8004025872688405,0.8652665887426074,1.9207484231133392,1.7927848131172344,1.923780320205421,2.0313761174479734,0.027609665293904125,0.021108158843110476,0.027190837731856467,0.036503310326715,667.5115371234621,644.1712185541794,667.9770003403357,688.186993881997
posterior,12.0,0.7872055877443661,0.7078134065826102,0.788654229456775,0.8581691757838215,1.9009003043679527,1.7644157610415512,1.9039445086011197,2.019758048479444,0.028925974879456855,0.021703569928643595,0.028458364547314922,0.03882982001637611,663.8651467836785,639.1285373842969,664.3165071528626,685.9756182838144
posterior,13.0,0.7758003531379764,0.6922074860717322,0.7772216203783785,0.8512232584859057,1.8814488980114603,1.736848088304654,1.8845365922518178,2.008351650049407,0.030266920654151784,0.02230241541454709,0.029745354249934172,0.04120659822782798,660.3115621681891,634.2661245579146,660.7543933395146,683.8114449281425
posterior,14.0,0.7646845760310106,0.6771114420425123,0.7660534653609329,0.8443184301394232,1.8623872919000692,1.7099792695507399,1.8654763207864469,1.996976890410785,0.03163113637692495,0.022913029614400594,0.031057067896290973,0.04363398304572401,656.8481652386428,629.5625764356398,657.2746767687427,681.6600738576246
posterior,15.0,0.7538501177552348,0.6625901997841911,0.755152758419321,0.8375464489694918,1.843708620904168,1.683943419792263,1.8467749301551186,1.9857860543519263,0.03301723865820375,0.02352796743166146,0.032389472909178964,0.04609340247291037,653.4724201904531,625.0381221067428,653.8782903003776,679.5500946303345
posterior,16.0,0.7432890942899874,0.6486472482734713,0.744556116312659,0.8308433342725626,1.8254060717157563,1.6587664478624757,1.828501850686428,1.9746747500694044,0.03442383339172335,0.0241516254059172,0.03373679153604808,0.048579693478992214,650.1818705608208,620.6938486487245,650.5766427967842,677.4615724661763
posterior,17.0,0.7329938673476035,0.6350677051704905,0.7341349075717483,0.8243033521150431,1.8074728872653327,1.6340757261508505,1.8104406220881653,1.9638007960180635,0.03584952173499229,0.024775808688183302,0.035113120694895764,0.05111880527665759,646.974136451175,616.4628041221091,647.3296559232517,675.4238783035751
posterior,18.0,0.7229570358096936,0.6219179347967965,0.7240077159545105,0.8177844926019577,1.7899023707660886,1.6100043930748673,1.7928019540537878,1.9529292661866149,0.03729290563737255,0.02541339364023917,0.03650115031430773,0.053696043019645666,643.8469118589344,612.3656659824868,644.1742774000456,673.3927654264003
posterior,19.0,0.7131714274987205,0.60930268261111,0.7141173263410019,0.8113872838427386,1.7726878894032796,1.5867596750068111,1.7754921353951203,1.9422286878921877,0.038752592919884955,0.026054444349456925,0.03790755489926263,0.056282640309721944,640.7979621137359,608.4350702836961,641.0926804329765,671.3995558683874
posterior,20.0,0.7036300912700956,0.5971281638498893,0.7044684747846179,0.8050760654771778,1.7558228776865157,1.564184219251952,1.7585246796648268,1.9316407702263299,0.04022720191505356,0.02670166336683142,0.039328899793036706,0.05888509001086925,637.8251214135316,604.6417960491947,638.0863406573179,669.4331387570473
posterior,21.0,0.6943262894107438,0.5853008995005299,0.6950675388767544,0.7988192862806941,1.7393008404824375,1.5421166458042557,1.7419161192559136,1.9211134368302283,0.041715365678485605,0.027358616090572278,0.040759605821202465,0.06152188678755573,634.9262904561717,600.9567175667524,635.15724517035,667.4836835233355
posterior,22.0,0.6852534903307838,0.5738481485512075,0.6858927022663516,0.7926866293848845,1.7231153557449088,1.5206185079187886,1.7256329901921954,1.9107650652920705,0.04321573578655971,0.028015697388162706,0.04220610392046745,0.06417763101402986,632.0994341623161,597.3883280523672,632.298596545087,665.5729016806879
posterior,23.0,0.6764053615356123,0.5626609323765175,0.6769515529309942,0.7866577233207452,1.7072600769594133,1.499494465197287,1.7096936165144652,1.9005627651711852,0.04472698573665997,0.028676727449222512,0.04365990760271328,0.0668714776654377,629.342579485712,593.9026725037947,629.5127590047422,663.6944459910737
posterior,24.0,0.6677757628663129,0.5519248003314872,0.6682778718795747,0.7807734181010706,1.6917287353178643,1.4791052672695617,1.6941635101948274,1.890577279705012,0.046247813967934856,0.02933914388229482,0.045116648320226625,0.0695556237345839,626.6538133070759,590.5575634392508,626.8102578631418,661.8610442923691
posterior,25.0,0.6593587399968837,0.5414091243722147,0.6597199456054056,0.7749220980614412,1.6765151416394897,1.4590224738297215,1.6787748978735357,1.880620302937633,0.047776946521652694,0.03001044613385553,0.04659680836267167,0.07227831035430086,624.031280407992,587.2811429533971,624.1438230024909,660.0379199472123
posterior,26.0,0.651148518177335,0.5312345682041895,0.6514247053646436,0.7690698658815703,1.6616131880529064,1.4394842152471274,1.6637957644453225,1.870634226811486,0.04931313936093775,0.03069605642534763,0.04807637974214478,0.07500363342067279,621.4731815214194,584.1110068259146,621.5592345114443,658.2145114020684
posterior,27.0,0.6431394962122301,0.5214995789370858,0.6433482857561091,0.7634732051372929,1.6470168494539041,1.4206905376638552,1.6491518021923577,1.8610583384136041,0.05085518037006024,0.03136617006425266,0.04955725451237951,0.07770056978069399,618.9777714555564,581.0778287032872,619.0428250328487,656.4707324965617
posterior,28.0,0.6353262406647417,0.5118549603521256,0.6353201801557872,0.7578251838954987,1.6327201847528672,1.401974333220886,1.6345363277077014,1.8513687498399873,0.05240189105357228,0.03205787251752584,0.05107188530322598,0.08045545857595236,616.54335728797,578.0728078151963,616.5414689856134,654.7109509501521
posterior,29.0,0.6277034802767586,0.5025919719259039,0.6277248741335512,0.7523172208215863,1.618717337925162,1.383906893440211,1.6206540911280187,1.8418943248439603,0.05395212795547563,0.03274375801758728,0.05254569442115191,0.08319075235267541,614.1682966270411,575.1866932984078,614.1749624154257,652.9948080107359
posterior,30.0,0.6202661005960272,0.493577147383379,0.6202589111263005,0.7469486086009995,1.6050025388772238,1.3662362390451286,1.6069560296405543,1.8326356084179127,0.0555047838183141,0.03342678939731393,0.05403072001846844,0.08593048169702858,611.8509959379177,572.3779004141558,611.8487558797431,651.3220832968649
posterior,31.0,0.6130091388017337,0.48471383917075717,0.6129240972442235,0.7415281229411614,1.5915701041404702,1.3487778397476111,1.593447782676064,1.823263275179802,0.057058788501640444,0.034125163546771274,0.05552550998978538,0.08870330310131144,609.589908930295,569.6163162123656,609.563412117132,649.6331961223309
posterior,32.0,0.605927778720327,0.4761606475314869,0.6057417830393115,0.7363214432437705,1.5784144374046074,1.3318498523227675,1.5801712229435059,1.8142376541453795,0.058613109678742795,0.034819966305862905,0.05703323536123352,0.09144727620078028,607.3835350054718,566.95135654502,607.3255834232892,648.0109255151078
posterior,33.0,0.5990173460237673,0.4680486950641996,0.5989013902851782,0.7311910339951517,1.565530029901299,1.3157214599296618,1.5674811461866769,1.8053221168243998,0.06016675332985629,0.03550942617405322,0.05849938154934152,0.09413021047469886,605.2304177602455,564.4238759201861,605.194288864791,646.4124188638862
posterior,34.0,0.5922733036027419,0.4598623364535365,0.5920060677560832,0.7259959156507937,1.5529114606486363,1.2993717453720974,1.5546438547324675,1.7962716346896708,0.061718764049354224,0.03622105874494477,0.06001306042250803,0.0969055056637659,603.1291435453215,561.8732122100829,603.0458795681947,644.7937504838587
posterior,35.0,0.5856912471077268,0.45205904106720657,0.5853490287796992,0.7210305775279299,1.5405533965662879,1.2837178408624776,1.5422067203972103,1.7876001958608139,0.06326822518362835,0.0369170111183169,0.06150924284022217,0.09961786644976044,601.0783400760213,559.4419013785242,600.9717134411833,643.246675849004
posterior,36.0,0.5792669006511053,0.44434804207792983,0.5789468751619812,0.7160016528791938,1.528450592470701,1.2681821163575835,1.5302052226614282,1.7787964256752025,0.06481425881554777,0.037631450635026306,0.06298136753908254,0.10236421479786234,599.076675093169,557.039347785896,598.9769631894719,641.6797892499162
posterior,37.0,0.5729961126638499,0.4368990368267287,0.5726598091325285,0.7113419804037201,1.5165978909592084,1.2531104814130543,1.5183805082175326,1.7706198691887658,0.06635602561054339,0.038309522960692385,0.06445793820684516,0.1050792912368603,597.122855072139,554.7184248610366,597.0180713393811,640.227952352779
posterior,38.0,0.5668748519005784,0.4298058992649775,0.566497007567792,0.7065296477706532,1.5049902221914297,1.238700149115159,1.5067517943986446,1.7621559465324168,0.06789272453851251,0.03901988440426888,0.06593367487872649,0.10772336547491256,595.2156239781311,552.5083813691765,595.0978971750993,638.7285503852032
posterior,39.0,0.5608992035870602,0.4226161264082884,0.5604313381522855,0.7018258109547953,1.493622603575867,1.224034548657528,1.4952696637496439,1.7538636219922288,0.06942359248488536,0.03972479372976591,0.06741864617142779,0.11046814477574705,593.3537620658302,550.2682287467937,593.207986948657,637.2629529889655
posterior,40.0,0.555065365704521,0.41583567054387255,0.5545472220656459,0.6972332548195216,1.4824901393691718,1.210149061917175,1.484096199420382,1.7457490527021355,0.0709479037633521,0.04042556182594004,0.06889167821052294,0.11311056535824389,591.536084721689,548.155609017578,591.3746441790552,635.8320278575404
posterior,41.0,0.5493696454053391,0.4090786122869569,0.54889872944532,0.692725704967323,1.4715880201951168,1.1962581492795021,1.4733375308015553,1.7377669033270593,0.07246496954191903,0.04112538178433017,0.07032833153340219,0.11579753794900896,589.761441347149,546.0502793951351,589.6147157629356,634.4275885486505
posterior,42.0,0.5438084555549665,0.4025381573180597,0.5434442483409502,0.6882392538916713,1.4609115224899094,1.1827614177792762,1.4629178741246693,1.7298045508123778,0.07397413719315495,0.04183056669046629,0.07174171618288472,0.11844918895704026,588.0287142811902,544.0124379163854,587.9152364618164,633.0297230885528
posterior,43.0,0.5383783113951354,0.3962606380052069,0.5379202560396114,0.6838574219738667,1.450456007880092,1.1697596395359844,1.4523346873144722,1.7220108811964638,0.07547478957870475,0.04253259254457017,0.07320264523017353,0.12104569218970017,586.3368177606702,542.0565205833832,586.1940992177722,631.6644543301138
posterior,44.0,0.5330758273236218,0.39003128202329124,0.5324836602916377,0.6795034532331372,1.4402169224988972,1.1568111562292833,1.4418885561714094,1.7142500672482732,0.07696634427739293,0.04323623370777966,0.07465770835891328,0.12366581771628121,584.6846969169785,540.1156097344875,584.5001925444442,630.3078670377569
posterior,45.0,0.5278977137860489,0.3839500155210262,0.527354184595225,0.6753891175382,1.4301897962465888,1.1441255325534103,1.4320047463874095,1.7069010267843525,0.07844825276551459,0.043918354130165746,0.07606269795020491,0.126273177605291,583.071326807602,538.2208398475942,582.9019767646402,629.0259433831311
posterior,46.0,0.5228407742754018,0.3780803227973112,0.5223455104575485,0.6712160018091604,1.4203702419999675,1.1318388286348,1.4223275202541976,1.6994316778458476,0.0799199995572211,0.04461871901320449,0.07746406195047899,0.12884744583473623,581.4957114812473,536.3919910355795,581.3413997161263,627.7257053463735
posterior,47.0,0.5179019024351141,0.37240829683388715,0.5173052639715762,0.6671196040753821,1.410753954775915,1.1199260250473073,1.412563033713455,1.6920845815888677,0.08138110131224834,0.04531395191062006,0.07889157791292997,0.13136880667085762,579.9568830752376,534.6247302208841,579.7709855169487,626.4493707098615
posterior,48.0,0.5130780792617661,0.36678582017274985,0.5124811470166193,0.6632106247993593,1.401336710853541,1.1080783602491597,1.4031924519719798,1.6850596590070919,0.08283110591761363,0.04598793614972395,0.08027822611436582,0.1339036268215252,578.4539009439408,532.8729077241533,578.2679118506821,625.2314309570255
posterior,49.0,0.5083663704035939,0.3613481289365255,0.5076888406557186,0.6593156427232371,1.3921143668592122,1.0965829662046906,1.3938595131549805,1.6780462669071354,0.08426959154931762,0.046667356859275005,0.08167884615383039,0.1364022161152452,576.9858508170554,531.1786597242038,576.7747495664738,624.0178523800832
posterior,50.0,0.5037639235511818,0.35602428938151265,0.5031869391468334,0.6554164286886666,1.3830828588184718,1.0852926795993056,1.3850700974152046,1.671011579578773,0.08569616571953363,0.047358159414859866,0.08301435143005954,0.13889116756962216,575.5518439866148,529.5198850482819,575.3720701394797,622.8029552311909
