time_year,eta,phi_deg,c_b_kpa,q_u_bdc_kpa,q_u_matrix_kpa,q_u_non_degrading_kpa,factor_of_safety,settlement_index
0.0,1.0,35.0,20.0,1849.684099784351,961.0457249966094,1849.684099784351,2.0552045553159455,0.019384154559581306
0.5,0.986468743818757,34.96078854616384,19.689098165040225,1838.7338827186927,961.0457249966094,1849.684099784351,2.0430376474652143,0.01970723755485158
1.0,0.9731722246809018,34.92222073373473,19.3842122571619,1827.8369306561654,961.0457249966094,1849.684099784351,2.030929922951295,0.020034363627312583
1.5,0.960106370423525,34.884286639642276,19.08522347716967,1817.001999451456,961.0457249966094,1849.684099784351,2.0188911105016176,0.020365450280622373
2.0,0.9472671795266396,34.84697647111978,18.79201539452349,1806.2370531290667,961.0457249966094,1849.684099784351,2.0069300590322965,0.02070041448709008
2.5,0.9346507198876844,34.81028056483091,18.50447390011552,1795.5493194331625,961.0457249966094,1849.684099784351,1.9950547993701806,0.021039172621943967
3.0,0.9222531276172872,34.77418938596671,18.222487159986354,1784.9453416423169,961.0457249966094,1849.684099784351,1.9832726018247966,0.02138164040972469
3.5,0.9100706058559171,34.73869352731505,17.9459455699617,1774.431026902852,961.0457249966094,1849.684099784351,1.9715900298920577,0.021727732881741464
4.0,0.8980994236110685,34.703783708304144,17.674741711191384,1764.011691316647,961.0457249966094,1849.684099784351,1.9600129903518302,0.022077364343634075
4.5,0.886335914614614,34.66945077402198,17.40877030657249,1753.6921020029304,961.0457249966094,1849.684099784351,1.9485467800032559,0.02243044835217465
5.0,0.8747764761999818,34.63568569421328,17.14792817803912,1743.476516338269,961.0457249966094,1849.684099784351,1.9371961292647433,0.022786897700523674
5.5,0.8634175681988107,34.6024795622556,16.892114204701507,1733.3687185648178,961.0457249966094,1849.684099784351,1.9259652428497975,0.02314662441122518
6.0,0.8522557118567459,34.56982359411623,16.64122928181746,1723.372053943796,961.0457249966094,1849.684099784351,1.9148578377153287,0.0235095397362876
6.5,0.8412874887680436,34.5377091272911,16.39517628057965,1713.4894606188786,961.0457249966094,1849.684099784351,1.9038771784654207,0.023875554163752533
7.0,0.8305095398286572,34.50612761972754,16.153860008702463,1703.7234993429643,961.0457249966094,1849.684099784351,1.8930261103810715,0.024244577430200996
7.5,0.819918564207485,34.4750706487318,15.917187171792404,1694.076381211157,961.0457249966094,1849.684099784351,1.8823070902346188,0.024616518538690794
8.0,0.8095113183354659,34.44452990986302,15.685066335486564,1684.549993533108,961.0457249966094,1849.684099784351,1.8717222150367865,0.024991285781656068
8.5,0.7992846149122101,34.414497215814784,15.45740788834376,1675.1459239687338,961.0457249966094,1849.684099784351,1.8612732488541486,0.025368786768334872
9.0,0.7892353219298643,34.384964495285324,15.234124005473364,1665.865483042889,961.0457249966094,1849.684099784351,1.8509616478254323,0.025748928456320767
9.5,0.7793603617139088,34.35592379183781,15.015128612887171,1656.7097251467294,961.0457249966094,1849.684099784351,1.840788583496366,0.02613161718686227
10.0,0.7696567099805964,34.327367262751636,14.800337352559863,1647.6794681262136,961.0457249966094,1849.684099784351,1.8307549645846817,0.026516758723558163
10.5,0.7601213949107418,34.29928717786582,14.589667548183945,1638.7753115513685,961.0457249966094,1849.684099784351,1.8208614572792983,0.026904258294119597
11.0,0.7507514962395784,34.27167591841558,14.383038171605396,1629.997653753655,961.0457249966094,1849.684099784351,1.8111085041707278,0.027294020634890018
11.5,0.7415441443624043,34.24452597586305,14.180369809926379,1621.3467077129094,961.0457249966094,1849.684099784351,1.8014963419032326,0.02768595003783182
12.0,0.7324965194557442,34.21782995072298,13.981584633261832,1612.822515869803,961.0457249966094,1849.684099784351,1.7920250176331145,0.028079950399706725
12.5,0.7236058506137558,34.191580551384504,13.786606363136842,1604.4249639347377,961.0457249966094,1849.684099784351,1.7826944043719308,0.028475925273191365
13.0,0.714869414999618,34.16577059292963,13.595360241512077,1596.1537937593332,961.0457249966094,1849.684099784351,1.773504215288148,0.028873777919683898
13.5,0.7062845370116415,34.140392995949334,13.407773000424829,1588.0086153322386,961.0457249966094,1849.684099784351,1.7644540170358207,0.029273411363571245
14.0,0.6978485874638445,34.115440785358174,13.223772832233312,1579.988917956874,961.0457249966094,1849.684099784351,1.7555432421743045,0.029674728447738618
14.5,0.6895589827807441,34.09090708920792,13.043289360452308,1572.0940806649405,961.0457249966094,1849.684099784351,1.7467712007388227,0.030077631890113858
15.0,0.6814131842061159,34.066785137501086,12.866253611168364,1564.3233819158936,961.0457249966094,1849.684099784351,1.7381370910176595,0.030482024341050733
15.5,0.6734086970254799,34.04306826100503,12.692597985022996,1556.676008629292,961.0457249966094,1849.684099784351,1.7296400095881022,0.030887808441364937
16.0,0.6655430698020756,34.01974989006715,12.52225622975265,1549.1510645938274,961.0457249966094,1849.684099784351,1.7212789606598082,0.03129488688084591
16.5,0.6578138936260894,33.99682355343188,12.355163413274305,1541.7475782939455,961.0457249966094,1849.684099784351,1.7130528647710506,0.03170316245707725
17.0,0.6502188013769071,33.974282877060055,12.19125589730588,1534.4645101922695,961.0457249966094,1849.684099784351,1.7049605668802994,0.032112538134406364
17.5,0.642755466998166,33.95212158295118,12.0304713115109,1527.3007595035526,961.0457249966094,1849.684099784351,1.6970008438928363,0.03252291710291243
18.0,0.6354216047853798,33.93033348796915,11.872748528156823,1520.255170493482,961.0457249966094,1849.684099784351,1.6891724116594244,0.032934202837230316
18.5,0.628214968685926,33.90891250267185,11.718027637277046,1513.3265383335552,961.0457249966094,1849.684099784351,1.681473931481728,0.03334629915509394
19.0,0.6211333516111729,33.88785263014521,11.566249922326413,1506.5136145411122,961.0457249966094,1849.684099784351,1.6739040161567913,0.03375911027547211
19.5,0.6141745847605429,33.86714796484203,11.417357836320507,1499.8151120317998,961.0457249966094,1849.684099784351,1.6664612355908888,0.03417254087617453
20.0,0.6073365369572994,33.846792691426195,11.271294978449118,1493.2297098098916,961.0457249966094,1849.684099784351,1.6591441220109906,0.03458649615081396
20.5,0.6006171139958575,33.826781083622365,11.128006071154443,1486.756057320255,961.0457249966094,1849.684099784351,1.6519511748002833,0.035000881865017146
21.0,0.5940142580004174,33.80710750307191,10.987436937664842,1480.392778484239,961.0457249966094,1849.684099784351,1.6448808649824878,0.03541560441178186
21.5,0.5875259467947236,33.78776639819508,10.849534479975077,1474.1384754402352,961.0457249966094,1849.684099784351,1.6379316393780392,0.035830570865885925
22.0,0.5811501932827579,33.76875230305997,10.714246657264185,1467.9917320084148,961.0457249966094,1849.684099784351,1.6311019244537943,0.03624568903725771
22.5,0.5748850448401753,33.7500598362585,10.581522464742356,1461.9511168977683,961.0457249966094,1849.684099784351,1.6243901298864092,0.036660867523225824
23.0,0.568728582716298,33.73168369978976,10.451311912918209,1456.0151866725087,961.0457249966094,1849.684099784351,1.617794651858343,0.03707601575956906
23.5,0.5626789214464826,33.71361867795089,10.323566007278252,1450.1824884937005,961.0457249966094,1849.684099784351,1.6113138761041117,0.03749104407029535
24.0,0.5567342082746821,33.695859636235916,10.198236728370304,1444.4515626510304,961.0457249966094,1849.684099784351,1.6049461807233671,0.03790586371608208
24.5,0.5508926225860248,33.678401520242616,10.07527701228284,1438.8209448985967,961.0457249966094,1849.684099784351,1.5986899387762186,0.03832038694131717
25.0,0.5451523753492366,33.661239354587735,9.954640731512507,1433.2891686077658,961.0457249966094,1849.684099784351,1.5925435206752954,0.038734527019683794
25.5,0.5395117085687363,33.64436824183079,9.83628267621207,1427.8547667492594,961.0457249966094,1849.684099784351,1.586505296388066,0.03914819829823768
26.0,0.533968894746236,33.62778336140653,9.720158535811263,1422.5162737158566,961.0457249966094,1849.684099784351,1.580573637462063,0.03956131623993099
26.5,0.5285222363516808,33.61147996856635,9.606224881003186,1417.2722269963824,961.0457249966094,1849.684099784351,1.5747469188848693,0.03997379746454053
27.0,0.5231700653033673,33.59545339332877,9.494439146089006,1412.1211687109442,961.0457249966094,1849.684099784351,1.569023520789938,0.0403855597879637
27.5,0.5179107424570801,33.57969903943915,9.384759611673882,1407.061647016739,961.0457249966094,1849.684099784351,1.563401830018599,0.040796522259849824
28.0,0.5127426571040916,33.56421238333878,9.277145387707183,1402.0922173931774,961.0457249966094,1849.684099784351,1.5578802415479749,0.041206605199538414
28.5,0.5076642264778696,33.54898897314343,9.171556396860158,1397.2114438144615,961.0457249966094,1849.684099784351,1.5524571597938461,0.04161573023028124
29.0,0.5026738952693425,33.53402442763158,9.06795335823445,1392.4178998172854,961.0457249966094,1849.684099784351,1.5471309997969838,0.042023820311728
29.5,0.4977701351505741,33.519314435242265,8.966297771394862,1387.7101694707865,961.0457249966094,1849.684099784351,1.5419001883008738,0.04243079977066038
30.0,0.4929514443067011,33.50485475308284,8.866551900720014,1383.0868482554374,961.0457249966094,1849.684099784351,1.5367631647282638,0.042836594329962986
30.5,0.4882163469759906,33.49064120594654,8.768678760064594,1378.546543857144,961.0457249966094,1849.684099784351,1.5317183820634932,0.04324113113582287
31.0,0.4835633929978761,33.47666968534008,8.672642097727067,1374.087876882401,961.0457249966094,1849.684099784351,1.526764307647112,0.04364433878315354
31.5,0.47899115736883535,33.462936148521244,8.578406381716816,1369.7094814999748,961.0457249966094,1849.684099784351,1.5218994238888608,0.04404614733924286
32.0,0.47449823980597083,33.449436617546574,8.48593678531477,1365.41000601424,961.0457249966094,1849.684099784351,1.517122228904711,0.04444648836562754
32.5,0.47008326431816305,33.436167178329214,8.395199172921831,1361.1881133749814,961.0457249966094,1849.684099784351,1.5124312370833126,0.044845294938199415
33.0,0.4657448787846624,33.423123979706844,8.306160086189314,1357.0424816281065,961.0457249966094,1849.684099784351,1.507824979586785,0.045242501665553554
33.5,0.46148175454099094,33.41030323251995,8.21878673042588,1352.9718043115058,961.0457249966094,1849.684099784351,1.503302004790562,0.045638044705589395
34.0,0.45729258597202915,33.39770120870018,8.13304696127558,1348.9747907999463,961.0457249966094,1849.684099784351,1.4988608786666069,0.046031861780380164
34.5,0.45317609011216103,33.38531424036906,8.04890927166157,1345.050166602713,961.0457249966094,1849.684099784351,1.4945001851141255,0.046423892189327104
35.0,0.4491310062523556,33.3731387189469,7.96634277899032,1341.1966736173667,961.0457249966094,1849.684099784351,1.4902185262415186,0.04681407682062064
35.5,0.44515609555406505,33.36117109427192,7.8853172126111915,1337.4130703428987,961.0457249966094,1849.684099784351,1.4860145226032206,0.047202358161028364
36.0,0.4412501406698208,33.34940787372978,7.805802901526317,1333.6981320552281,961.0457249966094,1849.684099784351,1.4818868133946979,0.04758868030403681
36.5,0.43741194537041145,33.33784562139317,7.727770762345906,1330.0506509478703,961.0457249966094,1849.684099784351,1.4778340566087447,0.04797298895637291
37.0,0.43364033417852754,33.326480957171746,7.651192287484103,1326.4694362403948,961.0457249966094,1849.684099784351,1.4738549291559941,0.048355231442934535
37.5,0.4299341520087634,33.315310555972246,7.576039533590696,1322.9533142571338,961.0457249966094,1849.684099784351,1.4699481269523709,0.048735356710160535
38.0,0.4262922638138627,33.30433114686882,7.5022851102140145,1319.501128478416,961.0457249966094,1849.684099784351,1.4661123649760177,0.04911331532787357
38.5,0.4227135542371012,33.29353951228346,7.429902168690474,1316.111739566469,961.0457249966094,1849.684099784351,1.4623463772960765,0.049489059489629894
39.0,0.41919692727070057,33.28293248717662,7.3588643912563265,1312.7840253680113,961.0457249966094,1849.684099784351,1.458648917075568,0.04986254301161124
39.5,0.4157413059201669,33.27250695824791,7.289145980377216,1309.5168808953724,961.0457249966094,1849.684099784351,1.4550187565504138,0.05023372133009707
40.0,0.41234563187445306,33.262259863146795,7.22072164829128,1306.3092182879047,961.0457249966094,1849.684099784351,1.4514546869865608,0.05060255149755471
40.5,0.40900886518184243,33.25218818969337,7.153566606761589,1303.1599667553098,961.0457249966094,1849.684099784351,1.447955518617011,0.05096899217738766
41.0,0.4057299839314559,33.24228897510901,7.087656557033805,1300.0680725044062,961.0457249966094,1849.684099784351,1.4445200805604514,0.051333003637381865
41.5,0.4025079839402832,33.232559305257,7.022967679995031,1297.0324986507453,961.0457249966094,1849.684099784351,1.4411472207230502,0.05169454774189252
42.0,0.39934187844564456,33.22299631389294,6.959476626529888,1294.0522251164186,961.0457249966094,1849.684099784351,1.4378358056849097,0.05205358794281228
42.5,0.3962306978029865,33.213597181925,6.8971605080699385,1291.126248515266,961.0457249966094,1849.684099784351,1.434584720572518,0.05241008926936546
43.0,0.39317348918892053,33.20435913668387,6.835996887332661,1288.2535820266726,961.0457249966094,1849.684099784351,1.4313928689185251,0.052764018316769794
43.5,0.3901693163094141,33.195279451202374,6.7759637692462595,1285.4332552589838,961.0457249966094,1849.684099784351,1.428259172509982,0.053115343233811806
44.0,0.38721725911304283,33.186355443504695,6.717039592056616,1282.6643141035847,961.0457249966094,1849.684099784351,1.4251825712262052,0.05346403370937789
44.5,0.3843164135092173,33.17758447590512,6.659203218612828,1279.9458205805352,961.0457249966094,1849.684099784351,1.4221620228672613,0.05381006095798777
45.0,0.381465891091299,33.16896395431628,6.602433927827846,1277.276852676668,961.0457249966094,1849.684099784351,1.4191965029740756,0.054153397704372816
45.5,0.3786648188645182,33.16049132756672,6.546711406310682,1274.6565041769152,961.0457249966094,1849.684099784351,1.416285004641017,0.05449401816714631
46.0,0.3759123389786127,33.1521640867278,6.492015740166912,1272.083884489662,961.0457249966094,1849.684099784351,1.4134265383218467,0.05483189804160786
46.5,0.3732076084651045,33.1439797644499,6.438327406964075,1269.5581184667762,961.0457249966094,1849.684099784351,1.4106201316297513,0.05516701448172919
47.0,0.3705497989791341,33.13593593430769,6.385627267858782,1267.0783462190184,961.0457249966094,1849.684099784351,1.4078648291322426,0.055499346081362935
47.5,0.3679380965457735,33.12803021015454,6.333896559882311,1264.6437229273793,961.0457249966094,1849.684099784351,1.4051596921415326,0.05582887285472114
48.0,0.36537170131073976,33.12026024548593,6.283116888381587,1262.253418650954,961.0457249966094,1849.684099784351,1.40250379850106,0.05615557621616537
48.5,0.3628498272954337,33.11262373281173,6.233270219612467,1259.9066181318385,961.0457249966094,1849.684099784351,1.3998962423687094,0.05647943895935266
49.0,0.3603717021562275,33.105118403037395,6.1843388734823455,1257.6025205975548,961.0457249966094,1849.684099784351,1.397336133997283,0.0568004452357799
49.5,0.35793656694792875,33.09774202485387,6.136305516439132,1255.3403395614296,961.0457249966094,1849.684099784351,1.3948225995126995,0.05711858053276916
50.0,0.35554367589134717,33.090492404136135,6.0891531545036806,1253.1193026213614,961.0457249966094,1849.684099784351,1.3923547806904015,0.05743383165093524
