scenario,time_year,new_first_crossings,survivors_at_start,hazard_hj,survival_S,pf_life,pf_terminal_at_t
T,0.0,0,50000,0.0,1.0,0.0,0.0
T,1.0,0,50000,0.0,1.0,0.0,0.0
T,2.0,0,50000,0.0,1.0,0.0,0.0
T,3.0,0,50000,0.0,1.0,0.0,0.0
T,4.0,0,50000,0.0,1.0,0.0,0.0
T,5.0,0,50000,0.0,1.0,0.0,0.0
T,6.0,0,50000,0.0,1.0,0.0,0.0
T,7.0,0,50000,0.0,1.0,0.0,0.0
T,8.0,0,50000,0.0,1.0,0.0,0.0
T,9.0,0,50000,0.0,1.0,0.0,0.0
T,10.0,0,50000,0.0,1.0,0.0,0.0
T,11.0,0,50000,0.0,1.0,0.0,0.0
T,12.0,1,50000,2e-05,0.99998,2.0000000000020002e-05,2e-05
T,13.0,0,49999,0.0,0.99998,2.0000000000020002e-05,2e-05
T,14.0,0,49999,0.0,0.99998,2.0000000000020002e-05,2e-05
T,15.0,1,49999,2.000040000800016e-05,0.99996,4.0000000000040004e-05,4e-05
T,16.0,1,49998,2.000080003200128e-05,0.99994,5.999999999994898e-05,6e-05
T,17.0,1,49997,2.000120007200432e-05,0.99992,7.999999999996898e-05,8e-05
T,18.0,1,49996,2.000160012801024e-05,0.9999,9.999999999998899e-05,0.0001
T,19.0,2,49995,4.0004000400040005e-05,0.99986,0.000140000000000029,0.00014
T,20.0,0,49993,0.0,0.99986,0.000140000000000029,0.00014
T,21.0,1,49993,2.000280039205489e-05,0.99984,0.000160000000000049,0.00016
T,22.0,1,49992,2.0003200512081932e-05,0.99982,0.00017999999999995797,0.00018
T,23.0,3,49991,6.001080194434998e-05,0.99976,0.00024000000000001798,0.00024
T,24.0,8,49988,0.00016003840921821236,0.9996,0.00039999999999995595,0.0004
T,25.0,2,49980,4.001600640256102e-05,0.99956,0.00043999999999999595,0.00044
T,26.0,3,49978,6.002641162111329e-05,0.9995,0.0004999999999999449,0.0005
T,27.0,6,49975,0.0001200600300150075,0.99938,0.0006199999999999539,0.00062
T,28.0,5,49969,0.00010006203846384759,0.99928,0.0007200000000000539,0.00072
T,29.0,6,49964,0.00012008646225282203,0.99916,0.0008399999999999519,0.00084
T,30.0,2,49958,4.003362824772809e-05,0.99912,0.0008799999999999919,0.00088
T,31.0,6,49956,0.00012010569300984866,0.999,0.0010000000000000009,0.001
T,32.0,3,49950,6.006006006006006e-05,0.99894,0.0010599999999999499,0.00106
T,33.0,11,49947,0.00022023344745430155,0.99872,0.0012799999999999478,0.00128
T,34.0,2,49936,4.005126561999359e-05,0.99868,0.0013199999999999878,0.00132
T,35.0,12,49934,0.0002403172187287219,0.99844,0.0015600000000000058,0.00156
T,36.0,10,49922,0.00020031248748046953,0.99824,0.0017599999999999838,0.00176
T,37.0,20,49912,0.0004007052412245552,0.99784,0.0021600000000000508,0.00216
T,38.0,8,49892,0.00016034634811192176,0.99768,0.0023199999999999887,0.00232
T,39.0,9,49884,0.00018041857108491702,0.9975,0.0024999999999999467,0.0025
T,40.0,16,49875,0.0003208020050125313,0.99718,0.0028200000000000447,0.00282
T,41.0,10,49859,0.0002005655949778375,0.99698,0.0030200000000000227,0.00302
T,42.0,5,49849,0.00010030291480270417,0.99688,0.0031200000000000117,0.00312
T,43.0,13,49844,0.0002608137388652596,0.99662,0.0033800000000000496,0.00338
T,44.0,12,49831,0.00024081395115490358,0.99638,0.0036199999999999566,0.00362
T,45.0,11,49819,0.00022079929344226098,0.99616,0.0038399999999999546,0.00384
T,46.0,14,49808,0.00028107934468358495,0.99588,0.0041200000000000125,0.00412
T,47.0,17,49794,0.00034140659517210907,0.99554,0.0044600000000000195,0.00446
T,48.0,15,49777,0.0003013439942141953,0.99524,0.0047599999999999865,0.00476
T,49.0,7,49762,0.00014066958723523974,0.9951,0.0049000000000000155,0.0049
T,50.0,11,49755,0.00022108330821023014,0.99488,0.005120000000000013,0.00512
O,0.0,0,50000,0.0,1.0,0.0,0.0
O,1.0,0,50000,0.0,1.0,0.0,0.0
O,2.0,0,50000,0.0,1.0,0.0,0.0
O,3.0,0,50000,0.0,1.0,0.0,0.0
O,4.0,0,50000,0.0,1.0,0.0,0.0
O,5.0,0,50000,0.0,1.0,0.0,0.0
O,6.0,0,50000,0.0,1.0,0.0,0.0
O,7.0,0,50000,0.0,1.0,0.0,0.0
O,8.0,0,50000,0.0,1.0,0.0,0.0
O,9.0,0,50000,0.0,1.0,0.0,0.0
O,10.0,0,50000,0.0,1.0,0.0,0.0
O,11.0,0,50000,0.0,1.0,0.0,0.0
O,12.0,0,50000,0.0,1.0,0.0,0.0
O,13.0,0,50000,0.0,1.0,0.0,0.0
O,14.0,1,50000,2e-05,0.99998,2.0000000000020002e-05,2e-05
O,15.0,12,49999,0.00024000480009600192,0.99974,0.000260000000000038,0.00026
O,16.0,154,49987,0.003080801008262148,0.99666,0.0033400000000000096,0.00334
O,17.0,593,49833,0.011899745148796981,0.9848,0.015199999999999991,0.0152
O,18.0,745,49240,0.015129975629569456,0.9699,0.030100000000000016,0.0301
O,19.0,0,48495,0.0,0.9699,0.030100000000000016,0.0221
O,20.0,0,48495,0.0,0.9699,0.030100000000000016,0.00728
O,21.0,0,48495,0.0,0.9699,0.030100000000000016,0.00168
O,22.0,0,48495,0.0,0.9699,0.030100000000000016,0.00026
O,23.0,0,48495,0.0,0.9699,0.030100000000000016,6e-05
O,24.0,0,48495,0.0,0.9699,0.030100000000000016,6e-05
O,25.0,0,48495,0.0,0.9699,0.030100000000000016,4e-05
O,26.0,0,48495,0.0,0.9699,0.030100000000000016,6e-05
O,27.0,0,48495,0.0,0.9699,0.030100000000000016,6e-05
O,28.0,0,48495,0.0,0.9699,0.030100000000000016,0.0
O,29.0,0,48495,0.0,0.9699,0.030100000000000016,0.0
O,30.0,0,48495,0.0,0.9699,0.030100000000000016,2e-05
O,31.0,0,48495,0.0,0.9699,0.030100000000000016,4e-05
O,32.0,0,48495,0.0,0.9699,0.030100000000000016,4e-05
O,33.0,0,48495,0.0,0.9699,0.030100000000000016,4e-05
O,34.0,0,48495,0.0,0.9699,0.030100000000000016,0.0001
O,35.0,0,48495,0.0,0.9699,0.030100000000000016,0.0001
O,36.0,0,48495,0.0,0.9699,0.030100000000000016,0.00012
O,37.0,0,48495,0.0,0.9699,0.030100000000000016,0.0032
O,38.0,0,48495,0.0,0.9699,0.030100000000000016,0.00468
O,39.0,0,48495,0.0,0.9699,0.030100000000000016,0.00748
O,40.0,0,48495,0.0,0.9699,0.030100000000000016,0.0103
O,41.0,0,48495,0.0,0.9699,0.030100000000000016,0.0108
O,42.0,0,48495,0.0,0.9699,0.030100000000000016,0.00848
O,43.0,0,48495,0.0,0.9699,0.030100000000000016,0.0053
O,44.0,0,48495,0.0,0.9699,0.030100000000000016,0.00278
O,45.0,0,48495,0.0,0.9699,0.030100000000000016,0.00158
O,46.0,0,48495,0.0,0.9699,0.030100000000000016,0.001
O,47.0,0,48495,0.0,0.9699,0.030100000000000016,0.00088
O,48.0,0,48495,0.0,0.9699,0.030100000000000016,0.00084
O,49.0,0,48495,0.0,0.9699,0.030100000000000016,0.00086
O,50.0,0,48495,0.0,0.9699,0.030100000000000016,0.00086
H,0.0,0,50000,0.0,1.0,0.0,0.0
H,1.0,0,50000,0.0,1.0,0.0,0.0
H,2.0,0,50000,0.0,1.0,0.0,0.0
H,3.0,0,50000,0.0,1.0,0.0,0.0
H,4.0,0,50000,0.0,1.0,0.0,0.0
H,5.0,0,50000,0.0,1.0,0.0,0.0
H,6.0,0,50000,0.0,1.0,0.0,0.0
H,7.0,0,50000,0.0,1.0,0.0,0.0
H,8.0,0,50000,0.0,1.0,0.0,0.0
H,9.0,0,50000,0.0,1.0,0.0,0.0
H,10.0,0,50000,0.0,1.0,0.0,0.0
H,11.0,0,50000,0.0,1.0,0.0,0.0
H,12.0,1079,50000,0.02158,0.97842,0.021580000000000044,0.02158
H,13.0,285,48921,0.005825719016373337,0.97272,0.02727999999999997,0.02728
H,14.0,328,48636,0.006743975655892754,0.96616,0.03383999999999998,0.03384
H,15.0,307,48308,0.006355055063343546,0.96002,0.039980000000000016,0.03998
H,16.0,341,48001,0.007104018666277786,0.9532,0.04679999999999995,0.0468
H,17.0,0,47660,0.0,0.9532,0.04679999999999995,0.0
H,18.0,0,47660,0.0,0.9532,0.04679999999999995,0.0
H,19.0,0,47660,0.0,0.9532,0.04679999999999995,0.0
H,20.0,0,47660,0.0,0.9532,0.04679999999999995,2e-05
H,21.0,0,47660,0.0,0.9532,0.04679999999999995,2e-05
H,22.0,0,47660,0.0,0.9532,0.04679999999999995,2e-05
H,23.0,0,47660,0.0,0.9532,0.04679999999999995,6e-05
H,24.0,0,47660,0.0,0.9532,0.04679999999999995,8e-05
H,25.0,0,47660,0.0,0.9532,0.04679999999999995,0.00012
H,26.0,0,47660,0.0,0.9532,0.04679999999999995,0.00016
H,27.0,0,47660,0.0,0.9532,0.04679999999999995,0.00018
H,28.0,0,47660,0.0,0.9532,0.04679999999999995,0.00018
H,29.0,0,47660,0.0,0.9532,0.04679999999999995,0.00018
H,30.0,0,47660,0.0,0.9532,0.04679999999999995,0.0002
H,31.0,892,47660,0.018715904322282838,0.93536,0.06464000000000003,0.0644
H,32.0,103,46768,0.0022023605884365378,0.9333,0.06669999999999998,0.06648
H,33.0,102,46665,0.002185792349726776,0.93126,0.06874000000000002,0.06856
H,34.0,0,46563,0.0,0.93126,0.06874000000000002,0.00036
H,35.0,0,46563,0.0,0.93126,0.06874000000000002,0.0004
H,36.0,0,46563,0.0,0.93126,0.06874000000000002,0.00044
H,37.0,0,46563,0.0,0.93126,0.06874000000000002,0.00052
H,38.0,0,46563,0.0,0.93126,0.06874000000000002,0.00058
H,39.0,0,46563,0.0,0.93126,0.06874000000000002,0.00064
H,40.0,0,46563,0.0,0.93126,0.06874000000000002,0.00064
H,41.0,0,46563,0.0,0.93126,0.06874000000000002,0.00072
H,42.0,0,46563,0.0,0.93126,0.06874000000000002,0.00074
H,43.0,0,46563,0.0,0.93126,0.06874000000000002,0.0008
H,44.0,0,46563,0.0,0.93126,0.06874000000000002,0.00086
H,45.0,0,46563,0.0,0.93126,0.06874000000000002,0.0009
H,46.0,0,46563,0.0,0.93126,0.06874000000000002,0.00098
H,47.0,0,46563,0.0,0.93126,0.06874000000000002,0.0011
H,48.0,0,46563,0.0,0.93126,0.06874000000000002,0.00116
H,49.0,0,46563,0.0,0.93126,0.06874000000000002,0.00122
H,50.0,0,46563,0.0,0.93126,0.06874000000000002,0.00134
M,0.0,0,50000,0.0,1.0,0.0,0.0
M,1.0,0,50000,0.0,1.0,0.0,0.0
M,2.0,0,50000,0.0,1.0,0.0,0.0
M,3.0,0,50000,0.0,1.0,0.0,0.0
M,4.0,0,50000,0.0,1.0,0.0,0.0
M,5.0,0,50000,0.0,1.0,0.0,0.0
M,6.0,0,50000,0.0,1.0,0.0,0.0
M,7.0,3,50000,6e-05,0.99994,5.999999999994898e-05,6e-05
M,8.0,1,49997,2.000120007200432e-05,0.99992,7.999999999996898e-05,2e-05
M,9.0,2,49996,4.000320025602048e-05,0.99988,0.00012000000000000899,6e-05
M,10.0,3,49994,6.0007200864103694e-05,0.99982,0.00017999999999995797,8e-05
M,11.0,1,49991,2.000360064811666e-05,0.9998,0.00019999999999997797,6e-05
M,12.0,2,49990,4.000800160032006e-05,0.99976,0.00024000000000001798,4e-05
M,13.0,2,49988,4.000960230455309e-05,0.99972,0.00027999999999994696,4e-05
M,14.0,5,49986,0.00010002800784219582,0.99962,0.00038000000000004697,0.00014
M,15.0,7,49981,0.000140053220223685,0.99948,0.0005199999999999649,0.00024
M,16.0,9,49974,0.0001800936486973226,0.9993,0.0007000000000000339,0.00032
M,17.0,9,49965,0.00018012608826178326,0.99912,0.0008799999999999919,0.00034
M,18.0,12,49956,0.00024021138601969732,0.99888,0.0011200000000000099,0.00038
M,19.0,11,49944,0.00022024667627743074,0.99866,0.0013400000000000079,0.00046
M,20.0,13,49933,0.0002603488674824265,0.9984,0.0016000000000000458,0.00056
M,21.0,14,49920,0.00028044871794871793,0.99812,0.0018799999999999928,0.0006
M,22.0,15,49906,0.00030056506231715624,0.99782,0.0021799999999999597,0.0008
M,23.0,17,49891,0.00034074281934617467,0.99748,0.0025199999999999667,0.00078
M,24.0,21,49874,0.00042106107390624373,0.99706,0.0029400000000000537,0.00082
M,25.0,21,49853,0.00042123844101658875,0.99664,0.0033600000000000296,0.00116
M,26.0,21,49832,0.0004214159576175951,0.99622,0.0037800000000000056,0.00118
M,27.0,38,49811,0.0007628837003874646,0.99546,0.0045399999999999885,0.0015
M,28.0,34,49773,0.0006831012798103389,0.99478,0.005220000000000002,0.00154
M,29.0,33,49739,0.0006634632783127928,0.99412,0.005879999999999996,0.0019
M,30.0,32,49706,0.0006437854584959562,0.99348,0.00651999999999997,0.00196
M,31.0,36,49674,0.0007247252083584974,0.99276,0.007240000000000024,0.0022
M,32.0,36,49638,0.0007252508159071679,0.99204,0.007959999999999967,0.0023
M,33.0,38,49602,0.0007660981412039837,0.99128,0.00871999999999995,0.00242
M,34.0,45,49564,0.0009079170365587927,0.99038,0.009619999999999962,0.0026
M,35.0,49,49519,0.0009895191744582886,0.9894,0.010600000000000054,0.00296
M,36.0,48,49470,0.0009702850212249849,0.98844,0.011560000000000015,0.00302
M,37.0,48,49422,0.0009712273886123588,0.98748,0.012519999999999976,0.00316
M,38.0,64,49374,0.0012962287843804432,0.9862,0.013800000000000034,0.00374
M,39.0,52,49310,0.0010545528290407625,0.98516,0.014839999999999964,0.00402
M,40.0,57,49258,0.001157172438994681,0.98402,0.015979999999999994,0.0043
M,41.0,66,49201,0.0013414361496717547,0.9827,0.017299999999999982,0.00478
M,42.0,64,49135,0.0013025338353515824,0.98142,0.01858000000000004,0.00468
M,43.0,54,49071,0.0011004462921073547,0.98034,0.01966000000000001,0.00514
M,44.0,59,49017,0.001203664034926658,0.97916,0.02083999999999997,0.00522
M,45.0,71,48958,0.0014502226398137178,0.97774,0.022259999999999946,0.00596
M,46.0,78,48887,0.0015955161903982655,0.97618,0.023819999999999952,0.00632
M,47.0,75,48809,0.0015366018562150423,0.97468,0.02532000000000001,0.00678
M,48.0,76,48734,0.0015594861903393935,0.97316,0.026839999999999975,0.00688
M,49.0,76,48658,0.001561921986107115,0.97164,0.028360000000000052,0.00714
M,50.0,70,48582,0.0014408628710221893,0.97024,0.02976000000000001,0.00716
S,0.0,0,50000,0.0,1.0,0.0,0.0
S,1.0,0,50000,0.0,1.0,0.0,0.0
S,2.0,2,50000,4e-05,0.99996,4.0000000000040004e-05,4e-05
S,3.0,1,49998,2.000080003200128e-05,0.99994,5.999999999994898e-05,2e-05
S,4.0,1,49997,2.000120007200432e-05,0.99992,7.999999999996898e-05,2e-05
S,5.0,0,49996,0.0,0.99992,7.999999999996898e-05,0.0
S,6.0,0,49996,0.0,0.99992,7.999999999996898e-05,0.0
S,7.0,1,49996,2.000160012801024e-05,0.9999,9.999999999998899e-05,2e-05
S,8.0,3,49995,6.000600060006001e-05,0.99984,0.000160000000000049,6e-05
S,9.0,8,49992,0.00016002560409665546,0.99968,0.00031999999999998696,0.00016
S,10.0,10,49984,0.0002000640204865557,0.99948,0.0005199999999999649,0.0002
S,11.0,4,49974,8.004162164325449e-05,0.9994,0.0006000000000000449,0.0001
S,12.0,4,49970,8.004802881729037e-05,0.99932,0.0006800000000000139,8e-05
S,13.0,1,49966,2.001360925429292e-05,0.9993,0.0007000000000000339,2e-05
S,14.0,2,49965,4.002801961372961e-05,0.99926,0.0007399999999999629,4e-05
S,15.0,3,49963,6.0044432880331444e-05,0.9992,0.0008000000000000229,6e-05
S,16.0,11,49960,0.00022017614091273017,0.99898,0.0010200000000000209,0.00024
S,17.0,23,49949,0.0004604696790726541,0.99852,0.0014800000000000368,0.00058
S,18.0,25,49926,0.0005007410968232985,0.99802,0.0019799999999999818,0.00078
S,19.0,22,49901,0.0004408729283982285,0.99758,0.0024199999999999777,0.00074
S,20.0,8,49879,0.00016038813929709897,0.99742,0.0025800000000000267,0.00028
S,21.0,8,49871,0.00016041386777886947,0.99726,0.0027399999999999647,0.00016
S,22.0,8,49863,0.00016043960451637488,0.9971,0.0029000000000000137,0.00018
S,23.0,9,49855,0.0001805235182027881,0.99692,0.0030799999999999716,0.0002
S,24.0,23,49846,0.0004614211772258556,0.99646,0.0035399999999999876,0.00072
S,25.0,64,49823,0.0012845472974329125,0.99518,0.0048200000000000465,0.00172
S,26.0,67,49759,0.0013464900821961857,0.99384,0.006160000000000054,0.00216
S,27.0,60,49692,0.001207437816952427,0.99264,0.007360000000000033,0.0021
S,28.0,25,49632,0.0005037072856221793,0.99214,0.007859999999999978,0.00096
S,29.0,6,49607,0.00012095067228415345,0.99202,0.007979999999999987,0.00032
S,30.0,11,49601,0.00022176972238462935,0.9918,0.008199999999999985,0.00038
S,31.0,20,49590,0.00040330711837063924,0.9914,0.008600000000000052,0.00066
S,32.0,37,49570,0.000746419205164414,0.99066,0.009340000000000015,0.00134
S,33.0,88,49533,0.0017765933821896514,0.9889,0.011099999999999999,0.00314
S,34.0,126,49445,0.002548285974314895,0.98638,0.013619999999999965,0.00478
S,35.0,68,49319,0.001378778969565482,0.98502,0.014979999999999993,0.00354
S,36.0,50,49251,0.0010152078130393292,0.98402,0.015979999999999994,0.00198
S,37.0,21,49201,0.0004268205930773765,0.9836,0.01639999999999997,0.00112
S,38.0,13,49180,0.0002643350955673038,0.98334,0.016660000000000008,0.00062
S,39.0,25,49167,0.0005084711290092948,0.98284,0.017159999999999953,0.0011
S,40.0,53,49142,0.0010785071832648244,0.98178,0.018220000000000014,0.0021
S,41.0,113,49089,0.002301941371794088,0.97952,0.020480000000000054,0.0055
S,42.0,185,48976,0.003777360339758249,0.97582,0.02417999999999998,0.00776
S,43.0,105,48791,0.002152036236191101,0.97372,0.02627999999999997,0.00596
S,44.0,63,48686,0.0012940064905722383,0.97246,0.02754000000000001,0.00288
S,45.0,26,48623,0.0005347263640663884,0.97194,0.028059999999999974,0.00144
S,46.0,28,48597,0.0005761672531226208,0.97138,0.02861999999999998,0.00098
S,47.0,26,48569,0.0005353208836912434,0.97086,0.029140000000000055,0.00144
S,48.0,80,48543,0.0016480234019323075,0.96926,0.03073999999999999,0.00394
S,49.0,142,48463,0.0029300703629573078,0.96642,0.033580000000000054,0.00826
S,50.0,202,48321,0.004180377061732994,0.96238,0.03761999999999999,0.01142
