kH,objective,rmse_bcr,mape_percent,max_abs_error_bcr,bias_bcr
0.25,0.01797138425377727,0.13405739164170422,8.776111767116255,0.21156891289583823,0.11825695785241916
0.2538847117794486,0.017667499841451918,0.13291914776077945,8.710389330284968,0.20929790226120049,0.11739487347286418
0.25776942355889726,0.017364267308049,0.13177354555467116,8.644005485931881,0.20702794943278113,0.11652349597563609
0.26165413533834586,0.017061873703851226,0.1306211074208576,8.576989942931736,0.2047600528569946,0.115643209663076
0.26553884711779446,0.01676049619966144,0.12946233506182964,8.509371540851177,0.20249514900388932,0.11475438832283932
0.2694235588972431,0.016460302415792105,0.12829771009566812,8.441178262054459,0.20023411534631474,0.11385739533904907
0.2733082706766917,0.016161450753069642,0.12712769467377927,8.372437245506298,0.19797777324708798,0.11295258382757814
0.2771929824561403,0.01586409072384466,0.12595273210154934,8.30317480197474,0.19572689074940386,0.11204029679154766
0.281077694235589,0.015568363281298273,0.12477324745833249,8.23341643037193,0.19348218526729832,0.11112086729357529
0.2849624060150376,0.015274401145600683,0.12358964821375891,8.163186835002707,0.1912443261742971,0.11019461864171953
0.28884711779448624,0.014982329125707744,0.12240232483783853,8.092509943518566,0.1890139372894628,0.10926186458642242
0.29273182957393484,0.014692264435787496,0.12121165140277355,8.021408925400596,0.186791599260963,0.10832290952608759
0.29661654135338344,0.014404317005444636,0.12001798617475898,7.949906210816886,0.18457785184801567,0.10737804871921704
0.3005012531328321,0.014118589783068503,0.11882167219437918,7.878023509720674,0.18237319610266844,0.10642756850129778
0.3043859649122807,0.013835179031765532,0.11762303784448662,7.805781831073164,0.1801780964533517,0.10547174650486121
0.3082706766917293,0.013554174617455153,0.11642239740468821,7.733201502090921,0.1779929826925173,0.10451085188134619
0.31215538847117796,0.013275660288811502,0.11522005159177591,7.660302187432072,0.17581825187097655,0.1035451455235847
0.31604010025062657,0.012999713948822194,0.11401628808561606,7.587102908248047,0.17365427010176426,0.10257488028789377
0.31992481203007517,0.012726407917812066,0.11281138204016501,7.513622061038781,0.17150137427652368,0.10160030121490463
0.3238095238095238,0.012455809187846216,0.11160559657941091,7.439877436259064,0.1693598736975055,0.10062164574838901
0.3276942355889724,0.01218797966848296,0.11039918327815183,7.365886236632452,0.16723005162835025,0.09963914395145874
0.3315789473684211,0.011922976423896382,0.10919238262761914,7.291665095136897,0.1651121667668467,0.09865301871961729
0.3354636591478697,0.011660851901428244,0.10798542448603073,7.217230092632692,0.16300645464286068,0.09766348599022874
0.3393483709273183,0.011401654151664414,0.10677852851423086,7.142596775109518,0.16091312894460796,0.0966707549480513
0.3432330827067669,0.011145427040159726,0.10557190459662895,7.067780170534379,0.15883238277640022,0.09567502822655127
0.34711779448621555,0.010892210450958676,0.1043657532476946,6.992794805286557,0.1567643898509341,0.09467650210477037
0.35100250626566415,0.010642040482080117,0.10316026600431058,6.917654720170037,0.154709305619124,0.09367536669957902
0.3548872180451128,0.010394949633148754,0.10195562580431133,6.842373485996599,0.15266726834039757,0.09267180615318557
0.3587719298245614,0.010150966985369995,0.10075200735156593,6.766964218736407,0.15063840009628482,0.09166599881582016
0.36265664160401,0.009910118374053697,0.09954957746798174,6.691439594234764,0.14862280775004222,0.09065811742353827
0.36654135338345867,0.00967242655389999,0.09834849543282291,6.615811862496389,0.1466205838549497,0.08964832927112551
0.37042606516290727,0.009437911357265417,0.09714891330975049,6.540092861539962,0.14463180751382798,0.08863679638010571
0.3743107769423559,0.009206589845630699,0.09595097626199901,6.464294030827554,0.14265654519221527,0.08762367566187859
0.37819548872180453,0.008978476454493501,0.09475482285611377,6.388426424274689,0.14069485148755145,0.08660911907603182
0.38208020050125313,0.008753583131909309,0.09356058535467437,6.312500722847794,0.1387467698566065,0.08559327378388515
0.38596491228070173,0.008531919470903203,0.09236838999843616,6.236527246756884,0.13681233330330733,0.0845762822973406
0.3898496240601504,0.008313492835973118,0.09117835727832081,6.160515967251871,0.13489156502900346,0.08355828262312107
0.39373433583959905,0.008098308483902526,0.08999060219768798,6.084476518031487,0.1329844790471335,0.08253940840248872
0.39761904761904765,0.007886369679097213,0.08880523452532071,6.008418206274276,0.13109108076415232,0.08151978904654164
0.40150375939849625,0.007677677803656713,0.08762235903955516,5.9323500233014785,0.12921136752849272,0.08049954986719339
0.40538847117794485,0.007472232462386627,0.0864420757639856,5.856280654881705,0.12734532914925323,0.07947881220394196
0.40927318295739346,0.007270031582953187,0.08526448019517381,5.780218491187698,0.12549294838621505,0.07845769354654113
0.4131578947368421,0.007071071511376201,0.08408966352279096,5.704171636415217,0.12365420141271288,0.07743630765368437
0.41704260651629077,0.006875347103051471,0.0829177128426217,5.62814791807448,0.12182905825281187,0.07641476466781767
0.42092731829573937,0.0066828518094879195,0.08174871136285831,5.552154895964256,0.12001748319416339,0.0753931712261949
0.424812030075188,0.006493577760939145,0.08058273860411512,5.476199870838731,0.11821943517784428,0.0743716305682888
0.4286967418546366,0.006307515845103551,0.0794198705935961,5.400289892777188,0.11643486816641824,0.07335024263967242
0.43258145363408523,0.006124655782061285,0.07826018005385169,5.324431769266332,0.11466373149139453,0.07232910419248224
0.43646616541353384,0.005944986195610467,0.07710373658656543,5.248632073004946,0.1129059701811892,0.07130830888257415
0.4403508771929825,0.0057684946811597925,0.07595060685182042,5.172897149440366,0.11116152527065237,0.0702879473634809
0.4442355889724311,0.005595167870328282,0.0748008547433001,5.097233124045969,0.10943033409314817,0.06926810737727647
0.4481203007518797,0.005424991492398232,0.07365454155989454,5.021645909348847,0.10771233055614249,0.0682488738424539
0.4520050125313283,0.005257950432761211,0.07251172617419345,4.946141211716381,0.10600744540118612,0.06723032893891671
0.45588972431077696,0.005094028788491805,0.07137246519836488,4.870724537910222,0.10431560644914328,0.06621255219018271
0.4597744360902256,0.004933209921178792,0.0702368131479411,4.795401201416198,0.10263673883146684,0.06519562054289914
0.4636591478696742,0.0047754765071376885,0.06910482260405339,4.720176328557922,0.10097076520827697,0.06417960844375936
0.4675438596491228,0.004620810585124325,0.06797654437469093,4.645054864402172,0.099317605973964,0.06316458791391555
0.4714285714285714,0.004469193601663574,0.06685202765558854,4.570041578463431,0.09767717945099053,0.0621506286209728
0.4753132832080201,0.004320606454103095,0.06573132019139045,4.495141070214984,0.09604940207253865,0.061137797948652
0.4791979949874687,0.004175029531497012,0.06461446843778111,4.420357774413558,0.09443418855460761,0.06012616106420223
0.48308270676691734,0.0040324427534203225,0.06350151772532939,4.345695966244393,0.09283145205813792,0.05911578098364414
0.48696741854636594,0.003892825606810213,0.06239251242585293,4.271159766293251,0.09124110434170252,0.05810671863491983
0.49085213032581454,0.0037561571809266855,0.061287496122183725,4.196753145351769,0.08966305590528556,0.05709903291902494
0.49473684210526314,0.0036224162005204378,0.06018651178229586,4.122479929062204,0.08809721612562549,0.05609278076919373
0.4986215538847118,0.0034915810572925,0.05908960193885638,4.04834380240746,0.0865434933835918,0.05508801720820618
0.5025062656641603,0.0033636298397262307,0.057996808875370294,3.974348314052132,0.08500179518402362,0.054084795403885
0.5063909774436091,0.003238540361368557,0.05690817482021855,3.900496880539914,0.08347202826844269,0.053083166722844986
0.5102756892230577,0.003116290187634341,0.05582374215004169,3.8267927903527363,0.08195409872103365,0.052083180782558317
0.5141604010025063,0.002996856661203759,0.05474355360408894,3.753239207836506,0.08044791206825153,0.05108488550179287
0.518045112781955,0.0028802169260803575,0.05366765251136254,3.679839176998576,0.07895337337241326,0.050088327149484566
0.5219298245614035,0.0027663479503733266,0.05259608303261115,3.6065956251812956,0.07747038731959499,0.049093550392094266
0.5258145363408522,0.0026552265478655183,0.05152889041950659,3.5335113666163918,0.07599885830214848,0.048100598339506286
0.5296992481203008,0.002546829398425446,0.050466121293650516,3.460589105864331,0.07453869049613271,0.04710951258951681
0.5335839598997494,0.00244113306731894,0.04940782394842886,3.3878314411428847,0.07308978793393672,0.046120333270962544
0.5374686716791981,0.002338114023473649,0.04835404867716507,3.3152408675488765,0.0716520545723569,0.045133099085536574
0.5413533834586466,0.002237748656746944,0.04730484813152817,3.2428197801769074,0.07022539435637842,0.044147847348336544
0.5452380952380953,0.0021400132942456214,0.04626027771474812,3.1705704771387477,0.06880971127889546,0.04316461402718841
0.5491228070175439,0.002044884215743466,0.04522039601488985,3.098495162486996,0.0674049094365945,0.04218343378078928
0.5530075187969925,0.0019523376682404978,0.04418526528426075,3.0265959490462837,0.06601089308220853,0.04120433999570734
0.5568922305764411,0.001862349879705873,0.04315495197200285,2.9548748611554148,0.06462756667334402,0.040227364822279954
0.5607769423558897,0.001774897072044223,0.04212952731807257,2.883333837323478,0.06325483491806794,0.03925253920944529
0.5646616541353384,0.0016899554733235064,0.041109068018181906,2.8119747328029954,0.061892602817433584,0.03827989293854461
0.5685463659147869,0.001607501329300623,0.0400936569709053,2.740799322083042,0.06054077570511329,0.03730945465612976
0.5724310776942356,0.001527510914279143,0.03908338412009819,2.6698093013049777,0.059199259284298034,0.03634125190580724
0.5763157894736842,0.0014499605413322955,0.03807834740810446,2.599006290603715,0.057867959662015966,0.035375311159154245
0.5802005012531328,0.0013748265719222223,0.03707865385801138,2.528391836376804,0.05654678338101049,0.03441165784573332
0.5840852130325815,0.0013020854249455249,0.03608442080656866,2.457967413483997,0.05523563744931481,0.03345031638223772
0.58796992481203,0.0012317135852335525,0.03509577731342551,2.3877344273797285,0.05393442936765247,0.032491310200796694
0.5918546365914787,0.0011636876115342179,0.034112865777213994,2.3176942161805125,0.05264306715477929,0.031534661776464426
0.5957393483709273,0.001097984144001445,0.03313584379492161,2.247848052669802,0.05136145937088976,0.03058039265392325
0.599624060150376,0.001034579911216488,0.03216488630815424,2.178197146242166,0.05008951513918691,0.02962852347342344
0.6035087719298247,0.00097345173676467,0.03120018808861046,2.1087426447889532,0.04882714416572731,0.02867907399598546
0.6073934837092732,0.0009145765453896649,0.030241966625695244,2.0394856365273437,0.04757425675763094,0.027732063127887674
0.6112781954887219,0.0008579313687465748,0.029290465492145645,1.970427151774725,0.04633076383975365,0.02678750894446269
0.6151629072681705,0.0008034933507738895,0.028345958279336572,1.9015681646701401,0.04509657696990477,0.025845428713223616
0.6190476190476191,0.0007512397527035011,0.027408753213225535,1.8329095948445457,0.04387160835269488,0.02490583891634075
0.6229323308270677,0.0007011479577271621,0.026479198585439893,1.764452309041702,0.04265577085209182,0.023968755272491205
0.6268170426065163,0.0006531954753365938,0.025557689162688278,1.6961971226911114,0.04144897800275693,0.02303419275809828
0.630701754385965,0.0006073599453538879,0.02464467377251904,1.6281448014346749,0.04025114402023222,0.022102165627980775
0.6345864661654136,0.0005636191416679717,0.023740664305532223,1.560296062608587,0.039062183810047335,0.021172687435430815
0.6384711779448622,0.0005219509756920051,0.022846246424566227,1.492651576681833,0.03788201297580196,0.02024577105173675
0.6423558897243108,0.000482333499556104,0.021962092331016734,1.4252119686527296,0.03671054782629257,0.019321428685168306
0.6462406015037594,0.00044474490904888403,0.021088976007594205,1.357977819404879,0.03554770538173124,0.01839967189944116
0.6501253132832081,0.00040916354632071635,0.020227791434576252,1.2909496670237175,0.03439340337911334,0.017480511631674835
0.6540100250626566,0.0003755679023610814,0.019379574359646844,1.2241280080750672,0.033247560276785215,0.016563958209861472
0.6578947368421053,0.0003439366192616016,0.01854552828208465,1.1575132988467103,0.03211009525825803,0.015650021369857603
0.6617794486215539,0.0003142484922759754,0.017727055375216027,1.0911059565543595,0.03098092823531129,0.014738710271916134
0.6656641604010025,0.00028648247168731276,0.016925793088872165,1.0249063605128717,0.029859979850433316,0.013830033516768304
0.6695488721804512,0.00026061766449301496,0.016143657097851618,0.9589148532740353,0.028747171478633815,0.012923999161272626
0.6734335839598997,0.00023663333591676363,0.015382891012965139,0.893131741731872,0.02764242522867133,0.01202061473364191
0.6773182957393484,0.00021450891075667933,0.014646122720934688,0.8275572981963417,0.026545663943727593,0.011119887248259274
0.681203007518797,0.00019422397457843438,0.013936426176693736,0.7750806382166648,0.025456811201566953,0.010221823220098614
0.6850877192982456,0.00017575827476146115,0.013257385668428793,0.7345703269361143,0.024375791314210193,0.00932642867875746
0.6889724310776943,0.00015909172140616922,0.012613156678887693,0.7228323642722616,0.023302529327155153,0.00843370918211539
0.6928571428571428,0.00014420438810963348,0.012008513151495212,0.7111553731547952,0.0222369510181728,0.00754366982962873
0.6967418546365916,0.00013107651261683656,0.0114488651235324,0.6995386717293636,0.021178982895706744,0.006656315275270597
0.7006265664160402,0.00011968849735423482,0.010940223825600408,0.6879815900096735,0.020128552196899907,0.005771649740128471
0.7045112781954888,0.0001100209098520749,0.010489085272418892,0.6764834696577235,0.01908558688527684,0.004889677024666828
0.7083959899749374,0.00010205448306157439,0.010102201891744907,0.6650436637666463,0.018050015648100937,0.004010400520666035
0.712280701754386,9.577011557278784e-05,0.009786220699166142,0.6536615366462363,0.01702176789343257,0.003133823222846077
0.7161654135338347,9.114887173865894e-05,0.009547191824754489,0.6423364636111828,0.01600077374690434,0.0022599477401830104
0.7200501253132832,8.817198171056277e-05,0.00938999370130581,0.6310678307721931,0.01498696404823785,0.0013887763069288183
0.7239348370927319,8.682084139031041e-05,0.009317770194113525,0.6198550348299777,0.01398027034751781,0.0005203107933407835
0.7278195488721805,8.707701230337164e-05,0.00933150643269197,0.6086974828721562,0.012980624901240523,-0.00034544728387029264
0.7317042606516291,8.892222139786349e-05,0.009429857973366486,0.5975945921731599,0.013201577781527307,-0.0012084967513652067
0.7355889724310778,9.23383607735658e-05,0.009609285133326298,0.587179543229898,0.014253213448723878,-0.002068836769268545
0.7394736842105263,9.730748734510078e-05,0.009864455755139296,0.604554051412703,0.01529941823738068,-0.0029264668215180922
0.743358395989975,0.00010381182244312539,0.010188808686157838,0.6218851685760259,0.016340219216047336,-0.003781386706467993
0.7472431077694236,0.0001118337513572562,0.010575147817276892,0.639172138473878,0.01737564363669475,-0.004633596527734607
0.7511278195488722,0.00012135582282423258,0.011016161891704051,0.6564142348289758,0.018405718919304093,-0.00548309668528244
0.7550125313283208,0.00013236074846465214,0.011504814142986063,0.673610760505015,0.019430472637073315,-0.00632988786674007
0.7588972431077695,0.00014483140217147757,0.01203459189883386,0.690761046699857,0.020449932502219825,-0.007173971038943216
0.7627819548872181,0.00015875081945330435,0.012599635687324627,0.70786445215916,0.021464126352355395,-0.008015347439695075
0.7666666666666667,0.00017410219673528958,0.013194779146893274,0.7298565208803921,0.022473082137413725,-0.008854018569742462
0.7705513784461153,0.00019086889062042768,0.013815530775921268,0.760896911051422,0.023476827907109366,-0.009689986184957488
0.7744360902255639,0.0002090344171138037,0.014458022586571225,0.7919308508201217,0.024475391798908674,-0.01052325228872264
0.7783208020050125,0.00022858245081227194,0.015118943442326647,0.8229567939695047,0.025468802026495707,-0.01135381912451221
0.7822055137844612,0.00024949682406188555,0.015795468466047013,0.8638712964457489,0.026457086868712176,-0.012181689168665378
0.7860902255639098,0.00027176152608531813,0.016485191114613083,0.923604498297974,0.027440274658954822,-0.013006865123345524
0.7899749373433584,0.00029536070208137317,0.017186061273060015,0.9831322873391338,0.028418393775015316,-0.013829349909680788
0.793859649122807,0.00032027865229861504,0.017896330693709675,1.0424550527533694,0.029391472629343385,-0.014649146661082524
0.7977443609022556,0.0003464998310849604,0.018614505931798468,1.1015731964714846,0.030359539659720047,-0.015466258716733705
0.8016290726817044,0.0003740088459151417,0.019339308310152712,1.1604871327339477,0.03132262332032454,-0.01628068961524707
0.805513784461153,0.00040279045639764357,0.02006964016612265,1.2191972876656694,0.03228075207318093,-0.01709244308848463
0.8093984962406016,0.00043282957326283203,0.020804556550497105,1.2777040988624264,0.03323395437996979,-0.01790152305553718
0.8132832080200502,0.0004641112573337782,0.021543241569777244,1.336008014988487,0.034182258694192225,-0.018707933616857762
0.8171679197994988,0.0004966207184812497,0.02228498863543012,1.3941094953851996,0.03512569345367367,-0.019511679048546116
0.8210526315789474,0.0005303433145642842,0.02302918397521467,1.45200900969023,0.03606428707339249,-0.020312763796780063
0.8249373433583961,0.0005652645503576426,0.0237752928553497,1.5097070374671382,0.036998067938625256,-0.021111192472389552
0.8288220551378447,0.0006013700764673969,0.02452284804967394,1.5672040678450072,0.037927064398392885,-0.02190696984556988
0.8327067669172933,0.0006386456882358633,0.025271440169405926,1.624500599167893,0.038851304759199845,-0.022700100840730864
0.8365914786967419,0.0006770773246369789,0.026020709533696017,1.6815971386537856,0.03977081727905318,-0.023490590531477906
0.8404761904761905,0.0007166510671632168,0.026770339317296984,1.7384942020628462,0.040685630161753084,-0.024278444135722
0.8443609022556391,0.0007573531387050431,0.027520049758404202,1.7951923133746626,0.041595771551442784,-0.025063667010915135
0.8482456140350878,0.0007991699024238623,0.028269593248291747,1.851692004474267,0.04250126952741007,-0.025846264649407757
0.8521303258145364,0.0008420878606193609,0.02901875015605188,1.9079938148466975,0.043402152099129454,-0.026626242673925393
0.856015037593985,0.0008860936535921585,0.02976732526768501,1.96409829127989,0.04429844720153775,-0.027403606833161655
0.8598997493734336,0.0009311740585025251,0.030515144739989765,2.020005987575639,0.04519018269053321,-0.028178362997484153
0.8637844611528822,0.000977315988225896,0.03126205348702954,2.0757174642683704,0.04607738633868874,-0.028950517154749767
0.8676691729323309,0.0010245064902060855,0.032007912931118855,2.131233288351703,0.046960085831174725,-0.029720075406229184
0.8715538847117795,0.0010727327453067034,0.032752599061856194,2.1865540330123494,0.04783830876188122,-0.030487043962634575
0.8754385964912281,0.001121982066661472,0.03349600075623166,2.2416802773712976,0.04871208262972959,-0.03125142914024961
0.8793233082706767,0.0011722418985241677,0.03423801832063544,2.2966126062320824,0.04958143483517374,-0.03201323735715933
0.8832080200501253,0.00122349981511865,0.034978562222004635,2.3513516098359277,0.05044639267687523,-0.032772475129577
0.8870927318295739,0.0012757435194895442,0.03571755198063754,2.405897883623529,0.051306983348553326,-0.03352914906826463
0.8909774436090226,0.0013289608423541661,0.03645491520157695,2.4602520280034286,0.05216323393599631,-0.0342832658750468
0.8948621553884712,0.0013831397409561127,0.03719058672508559,2.514414648126666,0.05301517141423573,-0.03503483233941327
0.8987468671679198,0.0014382682979209816,0.03792450787974686,2.568386353667627,0.05386282264486919,-0.03578385533520958
0.9026315789473685,0.0014943347201147434,0.038656625824232814,2.622167758610942,0.05470621437353418,-0.036530341817413436
0.906516290726817,0.0015513273375049985,0.03938689296587125,2.6757594810441514,0.05554537322751951,-0.03727429881899309
0.9104010025062658,0.0016092346020257335,0.040115266445902284,2.7291621429561608,0.05638032571351648,-0.038015733447848234
0.9142857142857144,0.00166804508644573,0.04084170768278097,2.7823763700411908,0.05721109821549786,-0.03875465288382909
0.918170426065163,0.0017277474832410853,0.04156618196612585,2.835402791508134,0.058037716992723976,-0.03949106437583274
0.9220551378446116,0.0017883306034721686,0.04228865809495696,2.8882420398952107,0.058860208177871076,-0.04022497523897517
0.9259398496240602,0.0018497833756652218,0.0430091080547507,2.9408947508897034,0.05967859777527429,-0.04095639285183594
0.9298245614035088,0.0019120948446990096,0.043727506728591437,2.993361563152721,0.06049291165928339,-0.04168532465377504
0.9337092731829575,0.00197525417069665,0.044443831638334805,3.0456431181487895,0.061303175572726465,-0.04241177814231874
0.9375939849624061,0.0020392506279229877,0.04515806271224428,3.097740059980198,0.062109415125476186,-0.04313576087061408
0.9414786967418547,0.0021040736036877124,0.0458701820760253,3.149653035225968,0.06291165579311775,-0.04385728044494961
0.9453634085213033,0.0021697125972543305,0.04658017386457816,3.201382692785256,0.0637099229157092,-0.04457634452234003
0.9492481203007519,0.0022361572187553774,0.047288024052135835,3.252929683725204,0.06450424169663749,-0.04529296080817495
0.9531328320802006,0.0023033971881138964,0.047993720298742173,3.3042946611329995,0.06529463720155904,-0.04600713705392865
0.9570175438596492,0.002371422333971427,0.0486972518112822,3.355478279972096,0.06608113435742902,-0.046718881054929495
0.9609022556390978,0.0024402225926226677,0.049398609217493845,3.406481196942479,0.06686375795160848,-0.04742820064818849
0.9647869674185464,0.00250978800695696,0.05009778445157989,3.457304070344897,0.06764253263105324,-0.0481351037102848
0.968671679197995,0.002580108725406656,0.05079477065020233,3.5079475599488514,0.06841748290157557,-0.04883959815530616
0.9725563909774436,0.002651175000902637,0.0514895620577864,3.5584123268644032,0.0691886331271796,-0.04954169193284459
0.9764411027568923,0.0027229771898369766,0.0521821539401832,3.6086990334175866,0.06995600752946496,-0.05024139302604454
0.9803258145363409,0.002795505751032882,0.05287254250584969,3.6588083430293445,0.07071963018709804,-0.05093870944970243
0.9842105263157895,0.0028687512447221016,0.053560724833800574,3.708740920097979,0.07147952503534705,-0.05163364924841742
0.9880952380952381,0.00294270433152971,0.05424669880766672,3.7584974298848954,0.07223571586567745,-0.0523262204947903
0.9919799498746867,0.0030173557714665185,0.05493046305527124,3.8080785384036706,0.07298822632540736,-0.053016431287670904
0.9958646616541353,0.0030926964229291308,0.05561201689319612,3.8574849123123167,0.07373707991741907,-0.05370428975045236
0.999749373433584,0.0031687172417076068,0.05629136027586833,3.906717218808612,0.07448229999992484,-0.05438980402941027
1.0036340852130325,0.0032454092800009806,0.0569684937487466,3.955776125528524,0.07522390978628346,-0.05507298229208737
1.0075187969924813,0.0033227636854405327,0.05764341840523107,4.004662300447551,0.07596193234486881,-0.055753832725720855
1.01140350877193,0.0034007717001208575,0.05831613584695798,4.053376411784909,0.07669639059898414,-0.056432363535711835
1.0152882205513785,0.0034794246596389434,0.05898664814717771,4.10191912791062,0.07742730732682257,-0.0571085829441373
1.0191729323308272,0.003558713992141047,0.05965495781694131,4.1502911172552315,0.07815470516147216,-0.05778249918830101
1.0230576441102759,0.0036386312173775303,0.06032106777385104,4.1984930482222325,0.07887860659096124,-0.058454120519324214
1.0269423558897244,0.00371916794576574,0.060984981313153976,4.246525589103091,0.07959903395834633,-0.05912345520077507
1.0308270676691729,0.003800315877460783,0.061646702080977396,4.294389407994789,0.08031600946183581,-0.059790511507335074
1.0347117794486216,0.003882066801434316,0.062306234049526024,4.342085172719819,0.0810295551549518,-0.06045529772350196
1.0385964912280703,0.003964412594561293,0.06296358149407714,4.389613550748559,0.0817396929467269,-0.06111782214232795
1.0424812030075188,0.004047345220714843,0.06361874897162662,4.436975209124069,0.0824464446019344,-0.061778093064193886
1.0463659147869675,0.004130856729869006,0.0642717413010493,4.484170814389064,0.08314983174135127,-0.062436118795615905
1.0502506265664162,0.0042149392572094985,0.06492256354465294,4.531201032515149,0.08384987584205006,-0.06309190764808559
1.0541353383458647,0.004299585022252522,0.06557122099101496,4.578066528834231,0.08454659823772204,-0.06374546793694287
1.0580200501253132,0.004384786327971468,0.06621771913899985,4.6247679679720095,0.0852400201190271,-0.06439680798027969
1.0619047619047621,0.00447053555993168,0.06686206368286639,4.67130601378355,0.08593016253397079,-0.06504593609787505
1.0657894736842106,0.004556825185433015,0.06750426049837903,4.717681329290803,0.08661704638830647,-0.06569286061015908
1.069674185463659,0.004643647752660455,0.0681443156298488,4.763894576622142,0.08730069244596161,-0.06633758983720725
1.0735588972431078,0.004730995889842583,0.06878223527803225,4.809946416953749,0.08798112132948788,-0.06698013209776273
1.0774436090225565,0.00481886230441789,0.0694180257888244,4.85583751045288,0.08865835352053231,-0.06762049570828643
1.081328320802005,0.004907239782208942,0.07005169364268748,4.901568516222897,0.08933240936032982,-0.06825868898203416
1.0852130325814537,0.004996121186604405,0.07068324544476155,4.947140092250102,0.09000330905021525,-0.06889472022816064
1.0890977443609025,0.005085499457748787,0.07131268791560719,4.992552895352252,0.09067107265215513,-0.0695285977508489
1.092982456140351,0.0051753676117399375,0.07194002788253517,5.037807581128724,0.09133572008929569,-0.07016032984846485
1.0968671679197994,0.005265718739834333,0.07256527227148213,5.082904803912377,0.09199727114653,-0.07078992481273713
1.1007518796992481,0.005356546007659943,0.07318842809939248,5.127845216722927,0.09265574547107991,-0.07141739092796015
1.1046365914786969,0.005447842654436726,0.07380950246707212,5.172629471221859,0.09331116257309291,-0.07204273647022053
1.1085213032581454,0.005539601992204787,0.07442850255248178,5.217258217668901,0.09396354182625388,-0.072665969706647
1.112406015037594,0.0056318174050600895,0.07504543560443959,5.261732104879939,0.09461290246841236,-0.07328709889468232
1.1162907268170428,0.0057244823483975195,0.07566030893670418,5.306051780186303,0.0952592636022187,-0.07390613228137624
1.1201754385964913,0.005817590348161641,0.07627312992241528,5.350217889395538,0.09590264419577577,-0.07452307810270083
1.1240601503759398,0.005911135000104667,0.07688390598886523,5.394231076753444,0.09654306308330085,-0.07513794458288543
1.1279448621553887,0.006005109969051917,0.07749264461258189,5.4380919849074925,0.09718053896579804,-0.07575073993377254
1.1318295739348372,0.006099508988174512,0.0780993533147011,5.4818012548714785,0.09781509041174141,-0.07636147235419269
1.1357142857142857,0.006194325858269454,0.07870403965661137,5.525359525991493,0.09844673585776786,-0.07697015002935932
1.1395989974937344,0.006289554447046758,0.07930671123585165,5.568767435913022,0.09907549360937673,-0.07757678113028148
1.143483709273183,0.006385188688423938,0.07990737568224812,5.612025620549329,0.09970138184164146,-0.0781813738131956
1.1473684210526316,0.006481222581827431,0.08050604065427283,5.655134714050909,0.1003244185999248,-0.07878393621901444
1.1512531328320803,0.0065776501915012515,0.0811027138356125,5.6980953487761425,0.10094462180060426,-0.07938447647279397
1.155137844611529,0.006674465645822554,0.08169740293193263,5.740908155263001,0.10156200923180392,-0.07998300268321676
1.1590225563909775,0.006771663136624172,0.08229011566782594,5.783573762201827,0.10217659855412964,-0.08057952294209211
1.162907268170426,0.00686923691852413,0.08288085978393402,5.826092796409192,0.10278840730141425,-0.0811740453238726
1.1667919799498747,0.00696718130826188,0.08346964303423059,5.868465882802705,0.10339745288146385,-0.08176657788518549
1.1706766917293234,0.007065490684041517,0.08405647318345873,5.910693644376876,0.10400375257681271,-0.08235712866438068
1.174561403508772,0.007164159484881518,0.08464135800471019,5.952776702179883,0.10460732354547875,-0.08294570568109245
1.1784461152882206,0.007263182209971415,0.08522430527714155,5.994715675291347,0.10520818282172573,-0.083532316935817
1.1823308270676693,0.007362553418034881,0.08580532278381617,6.036511180800928,0.10580634731682825,-0.08411697040950301
1.1862155388471178,0.007462267726699517,0.08638441830966692,6.078163833787877,0.10640183381983914,-0.08469967406315689
1.1901002506265663,0.007562319811873203,0.08696159963957197,6.119674247301467,0.10699465899836125,-0.0852804358374617
1.1939849624060153,0.007662704407126767,0.08753687455653628,6.161043032342197,0.10758483939931973,-0.08585926365240856
1.1978696741854638,0.007763416303083201,0.08811025083997436,6.202270797843862,0.10817239144973789,-0.08643616540694157
1.2017543859649122,0.007864450346813118,0.0886817362640872,6.243358150656412,0.10875733145751432,-0.08701114897861464
1.205639097744361,0.007965801441236719,0.08925133859632985,6.284305695529632,0.10933967561220204,-0.08758422222326194
1.2095238095238097,0.008067464544531716,0.08981906559596195,6.325114035097489,0.1099194399857879,-0.08815539297467852
1.2134085213032582,0.008169434669547624,0.0903849250126791,6.365783769863276,0.1104966405334733,-0.08872466904431353
1.2172932330827069,0.008271706883226312,0.09094892458532047,6.406315498185533,0.11107129309445685,-0.08929205822097579
1.2211779448621556,0.008374276306028192,0.0915110720406454,6.446709816264478,0.11164341339271489,-0.08985756827054754
1.225062656641604,0.008477138111364971,0.09207137509218037,6.486967318129356,0.11221301703778375,-0.09042120693571261
1.2289473684210526,0.00858028752503793,0.09262984143912766,6.52708859562625,0.11278011952554223,-0.09098298193569203
1.2328320802005013,0.00868371982468247,0.09318647876533628,6.567074238406695,0.11334473623899322,-0.09154290096599241
1.23671679197995,0.00878743033921817,0.09374129473832847,6.606924833916781,0.11390688244904346,-0.09210097169816214
1.2406015037593985,0.008891414448304925,0.09429429700838182,6.646640967386958,0.11446657331528565,-0.09265720177955891
1.2444862155388472,0.008995667581804687,0.09484549320766215,6.686223221822404,0.11502382388677579,-0.09321159883312621
1.248370927318296,0.009100185219248958,0.09539489094940545,6.725672177993998,0.11557864910281324,-0.09376417045717914
1.2522556390977444,0.00920496288931186,0.09594249782714571,6.76498841442978,0.1161310637937154,-0.09431492422519897
1.2561403508771931,0.009309996169288839,0.09648832141398687,6.804172507407055,0.11668108268159494,-0.09486386768563708
1.2600250626566416,0.009415280684580907,0.09703236926191644,6.8432250309449705,0.11722872038113175,-0.09541100836172726
1.2639097744360903,0.009520812108184335,0.09757464890115841,6.882146556797633,0.11777399140034572,-0.09595635375130636
1.267794486215539,0.009626586160185671,0.09811516783956327,6.920937654447689,0.11831691014136547,-0.09649991132664253
1.2716791979949875,0.009732598607262407,0.09865393356203496,6.959598891100481,0.11885749090119702,-0.097041688534273
1.2755639097744362,0.009838845262188641,0.09919095352999002,6.998130831678593,0.11939574787248808,-0.0975816927948479
1.2794486215538847,0.009945321983346172,0.09972623518084983,7.036534038816895,0.11993169514429103,-0.09811993150298245
1.2833333333333334,0.010052024674240757,0.10025978592756299,7.074809072858036,0.12046534670282338,-0.09865641202711646
1.287218045112782,0.010158949283023602,0.10079161315815717,7.112956491848396,0.12099671643222498,-0.09919114170938106
1.2911027568922306,0.010266091802017907,0.10132172423531839,7.150976851534438,0.1215258181153136,-0.0997241278654725
1.2949874686716794,0.010373448267250365,0.1018501264959959,7.188870705359457,0.12205266543433568,-0.100255377784532
1.2988721804511278,0.01048101475798787,0.10237682725103309,7.22663860446078,0.1225772719717162,-0.10078489872903344
1.3027568922305766,0.010588787396279003,0.10290183378482136,7.264281097667322,0.12309965121080357,-0.10131269793467652
1.306641604010025,0.010696762346500556,0.10342515335497722,7.30179873149754,0.12361981653661291,-0.1018387826102869
1.3105263157894738,0.01080493581490881,0.10394679319204037,7.339192050157747,0.12413778123656494,-0.10236315993772208
1.3144110275689225,0.010913304049195634,0.10446676049919244,7.376461595540775,0.12465355850122184,-0.10288583707178311
1.318295739348371,0.011021863338049366,0.10498506245199536,7.413607907225002,0.1251671614250196,-0.10340682114013267
1.3221804511278197,0.01113061001072052,0.10550170619814886,7.450631522473754,0.12567860300699785,-0.10392611924321882
1.3260651629072682,0.011239540436591785,0.10601669885726392,7.487532976234927,0.12618789615152393,-0.104443738454203
1.3299498746867169,0.011348651024753137,0.10653004752065558,7.524312801141078,0.12669505366901546,-0.1049596858188957
1.3338345864661656,0.011457938223580986,0.1070417592511492,7.560971527509663,0.1272000882766573,-0.10547396835569463
1.337719298245614,0.01156739852032233,0.10755184108290443,7.597509683343727,0.12770301259911698,-0.10598659305553051
1.3416040100250628,0.011677028440683041,0.10806030002125222,7.633927794332804,0.12820383916925415,-0.10649756688181636
1.3454887218045113,0.011786824548420682,0.10856714304254617,7.6702263838540965,0.12870258042882687,-0.10700689677040173
1.34937343358396,0.011896783444941685,0.10907237709402727,7.7064059729739665,0.12919924872919464,-0.10751458962953211
1.3532581453634087,0.01200690176890293,0.1095760090937014,7.742467080449689,0.1296938563320167,-0.10802065233981266
1.3571428571428572,0.01211717619581748,0.11007804593022844,7.7784102227314325,0.1301864154099459,-0.10852509175417632
1.361027568922306,0.012227603437664668,0.11057849446282342,7.814235913964534,0.13067693804732028,-0.10902791469785647
1.3649122807017544,0.012338180242504316,0.11107736152116827,7.849944665991989,0.13116543624084764,-0.10952912796836353
1.3687969924812031,0.012448903394095068,0.11157465390533403,7.885536988357181,0.13165192190028918,-0.11002873833546575
1.3726817042606516,0.012559769711516972,0.11207037838571338,7.921013388306855,0.13213640684913708,-0.11052675254117425
1.3765664160401003,0.012670776048797943,0.11256454170296232,7.956374370794301,0.13261890282528732,-0.11102317729973152
1.380451127819549,0.012781919294544433,0.1130571505679514,7.991620438482775,0.13309942148171072,-0.11151801929760415
1.3843358395989975,0.012893196371575804,0.11354821166172457,8.026752091749065,0.13357797438711638,-0.11201128519347839
1.3882205513784462,0.013004604236563055,0.11403773163546815,8.061769828687378,0.13405457302661494,-0.11250298161826086
1.3921052631578947,0.013116139879670929,0.1145257171104854,8.096674145113269,0.1345292288023725,-0.11299311517508066
1.3959899749373434,0.013227800324204342,0.11501217467818066,8.131465534567912,0.13500195303426588,-0.11348169243929665
1.3998746867167922,0.013339582626258315,0.11549711090004942,8.166144488322447,0.13547275696052874,-0.11396871995850696
1.4037593984962407,0.013451483874371742,0.11598053230767542,8.200711495382537,0.13594165173839556,-0.11445420425256199
1.4076441102756894,0.013563501189185062,0.11646244540273513,8.23516704249315,0.13640864844474176,-0.11493815181358089
1.4115288220551379,0.013675631723101253,0.11694285665700686,8.269511614143383,0.13687375807671853,-0.11542056910596984
1.4154135338345866,0.013787872659950939,0.11742177251238775,8.303745692571615,0.13733699155238255,-0.11590146256644526
1.4192982456140353,0.013900221214660669,0.11789919938091466,8.337869757770656,0.1377983597113237,-0.1163808386040576
1.4231829573934838,0.014012674632925015,0.11837514364479147,8.371884287493133,0.1382578733152855,-0.11685870360021937
1.4270676691729325,0.014125230190882201,0.1188496116564215,8.40578975725702,0.1387155430487843,-0.11733506390873565
1.430952380952381,0.014237885194793118,0.11932260973844445,8.43958664035129,0.13917137951972047,-0.11780992585583672
1.4348370927318297,0.014350636980723867,0.1197941441837783,8.473275407841701,0.1396253932599889,-0.11828329574021357
1.4387218045112782,0.014463482914231666,0.12026422125566551,8.506856528576705,0.1400775947260826,-0.11875517983305568
1.442606516290727,0.01457642039005418,0.12073284718772344,8.54033046919351,0.14052799429969265,-0.11922558437809117
1.4464912280701756,0.014689446831802308,0.12120002818399964,8.573697694124274,0.1409766022883041,-0.11969451559162989
1.450375939849624,0.014802559691655868,0.12166577041902898,8.606958665602322,0.14142342892578652,-0.12016197966260704
1.4542606516290728,0.01491575645006322,0.12213008003789738,8.640113843668647,0.1418684843729825,-0.12062798275263158
1.4581453634085213,0.015029034615443405,0.12259296315630602,8.673163686178315,0.14231177871828815,-0.12109253099603383
1.46203007518797,0.0151423917238921,0.12305442586064144,8.706108648807179,0.14275332197823354,-0.12155563049991769
1.4659147869674187,0.015255825338890295,0.12351447420804695,8.73894918505852,0.14319312409805396,-0.12201728734421291
1.4697994987468672,0.015369333051016338,0.12397311422649807,8.7716857462699,0.14363119495226218,-0.12247750758173033
1.473684210526316,0.015482912477661065,0.12443035191488074,8.804318781620077,0.14406754434521174,-0.12293629723821882
1.4775689223057644,0.015596561262745801,0.12488619324307151,8.836848738135958,0.1445021820116581,-0.1233936623124233
1.4814536340852131,0.015710277076443787,0.12534064415202192,8.869276060699754,0.14493511761731637,-0.12384960877614608
1.4853383458646618,0.015824057614904123,0.12579371055384336,8.901601192056082,0.1453663607594129,-0.12430414257430784
1.4892230576441103,0.015937900599978967,0.12624539833189552,8.933824572819246,0.14579592096723282,-0.12475726962501162
1.493107769423559,0.0160518037789537,0.1266957133408771,8.965946641480556,0.14622380770266497,-0.12520899581960826
1.4969924812030075,0.016165764924279808,0.12714466140691794,8.997967834415723,0.14665003036074098,-0.12565932702276283
1.5008771929824563,0.01627978183331078,0.12759224832767382,9.029888585892328,0.14707459827017044,-0.12610826907252295
1.504761904761905,0.0163938523280408,0.12803847987242273,9.061709328077372,0.1474975206938729,-0.1265558277803885
1.5086466165413535,0.01650797425484612,0.12848336178216277,9.093430491044828,0.14791880682950342,-0.12700200893138222
1.5125313283208022,0.016622145484229547,0.12892689976971272,9.125052502783369,0.14833846580997734,-0.12744681828412258
1.5164160401002507,0.01673636391056716,0.12936909951981254,9.156575789204012,0.14875650670398688,-0.12789026157089664
1.5203007518796994,0.016850627451858315,0.12980996668922734,9.188000774147955,0.14917293851651792,-0.12833234449773565
1.5241854636591479,0.01696493404947792,0.13024950690685136,9.21932787939437,0.14958777018935865,-0.1287730727444906
1.5280701754385966,0.017079281667931507,0.1306877257738136,9.250557524668299,0.15000101060160698,-0.12921245196490952
1.5319548872180453,0.017193668294612892,0.13112462886358495,9.281690127648535,0.1504126685701721,-0.12965048778671542
1.5358395989974938,0.01730809193956461,0.1315602217220867,9.312726103975665,0.1508227528502737,-0.13008718581168632
1.5397243107769425,0.017422550635240654,0.13199450986779962,9.343665867260029,0.15123127213593568,-0.13052255161573503
1.543609022556391,0.01753704243627185,0.13242749879187424,9.374509829089778,0.1516382350604759,-0.13095659074899046
1.5474937343358397,0.017651565419233926,0.1328591939582426,9.405258399038994,0.15204365019699373,-0.1313893087358804
1.5513784461152884,0.017766117682417735,0.13328960080373012,9.435911984675785,0.15244752605885092,-0.13182071107521415
1.555263157894737,0.017880697345602325,0.13371872473816943,9.466470991570489,0.15284987110015158,-0.13225080324026725
1.5591478696741856,0.01799530254983004,0.13414657114451356,9.49693582330383,0.15325069371621503,-0.13267959067886587
1.563032581453634,0.018109931457184276,0.134573145378951,9.527306881475143,0.15365000224404723,-0.13310707881347256
1.5669172932330828,0.018224582250569648,0.1349984527710212,9.557584565710666,0.15404780496280757,-0.1335332730412732
1.5708020050125315,0.018339253133494323,0.13542249862373062,9.58776927367178,0.15444411009427172,-0.13395817873426386
1.57468671679198,0.018453942329854815,0.13584528821366906,9.617861401063319,0.15483892580329028,-0.1343818012393389
1.5785714285714287,0.018568648083722984,0.13626682679112692,9.6478613416419,0.1552322601982441,-0.13480414587837952
1.5824561403508772,0.018683368659135516,0.13668711958021323,9.677769487224275,0.1556241213314966,-0.13522521794834336
1.586340852130326,0.018798102339885367,0.1371061717789734,9.707586227695678,0.15601451719984016,-0.13564502272135398
1.5902255639097744,0.018912847429315555,0.1375239885595075,9.7373119510182,0.1564034557449414,-0.13606356544479142
1.5941102756892231,0.019027602250115388,0.13794057506809004,9.766947043239238,0.1567909448537812,-0.13648085134138405
1.5979949874686719,0.01914236514411831,0.1383559364252879,9.796491888499807,0.15717699235909022,-0.13689688560929864
1.6018796992481203,0.019257134472102574,0.13877007772608105,9.825946869043062,0.15756160603978375,-0.13731167342223408
1.605764411027569,0.019371908613593575,0.13918300403998174,9.85531236522268,0.15794479362139024,-0.13772521992951314
1.6096491228070176,0.01948668596666828,0.1395947204111541,9.884588755511285,0.15832656277647605,-0.13813753025617528
1.6135338345864663,0.019601464947762222,0.14000523185853528,9.913776416508943,0.15870692112507,-0.13854860950307107
1.617418546365915,0.019716243991477905,0.14041454337595485,9.94287572295159,0.15908587623507997,-0.13895846274695517
1.6213032581453635,0.019831021550395764,0.14082265993225582,9.971887047719497,0.15946343562270893,-0.1393670950405812
1.6251879699248122,0.019945796094886788,0.14122958647141465,10.000810761845724,0.15983960675286646,-0.139774511412796
1.6290726817042607,0.020060566112927423,0.14163532791266245,10.029647234524608,0.1602143970395773,-0.14018071686863492
1.6329573934837094,0.020175330109916272,0.14203988915060542,10.058396833120229,0.16058781384638565,-0.14058571638941722
1.636842105263158,0.0202900866084927,0.1424432750553451,10.087059923174852,0.16095986448675648,-0.14098951493284115
1.6407268170426066,0.020404834148357517,0.1428454904725995,10.115636868417416,0.16133055622447334,-0.14139211743308042
1.6446115288220553,0.02051957128609549,0.14324654022382352,10.144128030771988,0.16169989627403392,-0.14179352880087995
1.6484962406015038,0.02063429659499981,0.14364642910632971,10.172533770366247,0.16206789180103987,-0.1421937539236527
1.6523809523809525,0.02074900866489824,0.1440451618934084,10.200854445539905,0.16243454992258588,-0.14259279766557578
1.6562656641604012,0.020863706101981266,0.14444274333444815,10.229090412853177,0.16279987770764315,-0.14299066486768747
1.6601503759398497,0.02097838752863212,0.14483917815505623,10.257242027095224,0.1631638821774415,-0.1433873603479844
1.6640350877192984,0.021093051583258478,0.1452344710571787,10.285309641292592,0.1635265703058475,-0.14378288890151855
1.667919799498747,0.021207696920125967,0.14562862671922017,10.313293606717641,0.16388794901973913,-0.14417725530049458
1.6718045112781956,0.021322322209193435,0.14602164979616356,10.341194272896947,0.1642480251993772,-0.14457046429436704
1.6756892230576441,0.021436926135950073,0.14641354491968997,10.369011987619729,0.16460680567877417,-0.14496252060993844
1.6795739348370928,0.021551507401254118,0.1468043166982978,10.396747096946243,0.1649642972460592,-0.1453534289514565
1.6834586466165415,0.021666064721173318,0.1471939697174219,10.424399945216159,0.16532050664384101,-0.14574319400071198
1.68734335839599,0.02178059682682716,0.14758250853955276,10.451970875056935,0.16567544056956662,-0.14613182041713663
1.6912280701754387,0.021895102464230643,0.14796993770435482,10.479460227392194,0.16602910567587714,-0.14651931283790098
1.6951127819548872,0.02200958039413973,0.1483562617287849,10.506868341450026,0.1663815085709608,-0.14690567587801212
1.698997493734336,0.02212402939189859,0.14874148510721072,10.534195554771376,0.1667326558189044,-0.1472909141304119
1.7028822055137847,0.02223844824728822,0.14912561231152824,10.5614422032183,0.16708255394003801,-0.14767503216607486
1.7067669172932332,0.022352835764376754,0.14950864779127912,10.588608620982301,0.16743120941128065,-0.14805803453410582
1.7106516290726819,0.022467190761371478,0.14989059597376841,10.615695140592578,0.16777862866648108,-0.14843992576183823
1.7145363408521304,0.022581512070472234,0.15027146126418095,10.642702092924319,0.1681248180967556,-0.14882071035493202
1.718421052631579,0.022695798537726453,0.1506512480456981,10.669629807206919,0.16846978405082336,-0.14920039279747135
1.7223057644110278,0.022810049022885727,0.1510299606796139,10.696478611032212,0.16881353283533929,-0.14957897755206262
1.7261904761904763,0.02292426239926377,0.1514076035054507,10.723248830362671,0.1691560707152231,-0.14995646905993193
1.730075187969925,0.02303843755359618,0.15178418084107506,10.749940789539611,0.16949740391398604,-0.1503328717410235
1.7339598997493735,0.023152573385901237,0.15215969698281223,10.77655481129132,0.16983753861405537,-0.15070818999409635
1.7378446115288222,0.023266668809342535,0.15253415620556116,10.803091216741215,0.17017648095709448,-0.15108242819682252
1.7417293233082707,0.023380722750092914,0.15290756276290887,10.829550325415962,0.170514237044322,-0.15145559070588427
1.7456140350877194,0.02349473414719986,0.15327992088724426,10.855932455253592,0.1708508129368278,-0.1518276818570717
1.749498746867168,0.02360870195245226,0.15365123478987164,10.882237922611537,0.1711862146558849,-0.1521987059653796
1.7533834586466166,0.023722625130248455,0.1540215086611232,10.90846704227468,0.17152044818325995,-0.15256866732510418
1.7572681704260653,0.023836502657466223,0.15439074667047317,10.93462012746346,0.17185351946152183,-0.1529375702099415
1.7611528822055138,0.023950333523333214,0.15475895296664816,10.960697489841738,0.17218543439434497,-0.15330541887308224
1.7650375939849625,0.02406411672929973,0.15512613167774064,10.986699439524916,0.17251619884681313,-0.15367221754731025
1.7689223057644112,0.02417785128891198,0.1554922869113191,11.012626285087785,0.17284581864571802,-0.15403797044509754
1.7728070175438597,0.02429153622768721,0.15585742275453937,11.038478333572495,0.17317429957985708,-0.15440268175870128
1.7766917293233084,0.024405170582990143,0.1562215432742557,11.064255890496485,0.17350164740032792,-0.15476635566026037
1.780576441102757,0.024518753403910236,0.15658465251712964,11.089959259860278,0.17382786782082005,-0.15512899630189025
1.7844611528822056,0.024632283751140776,0.15694675450974058,11.11558874415541,0.1741529665179049,-0.15549060781577967
1.7883458646616543,0.024745760696858916,0.15730785325869437,11.141144644372206,0.17447694913132228,-0.15585119431428568
1.7922305764411028,0.024859183324607025,0.1576679527507319,11.16662726000758,0.17479982126426585,-0.15621075989002917
1.7961152882205516,0.024972550729175418,0.15802705695283772,11.192036889072817,0.1751215884836641,-0.15656930861599
1.8,0.025085862016486132,0.15838516981234743,11.217373828101307,0.17544521801399582,-0.15692684454560193
