kz,effective_IR_CPT,target_effective_IR_CPT,objective
0.25,0.8642437184224977,0.564344187245019,0.08993972880047152
0.25413533834586466,0.8609883801124518,0.564344187245019,0.08799777716197069
0.2582706766917293,0.8577607769855952,0.564344187245019,0.08609329513498959
0.262406015037594,0.8545606039005302,0.564344187245019,0.0842255684963653
0.26654135338345863,0.8513875571283193,0.564344187245019,0.08239389619396112
0.2706766917293233,0.848241334724857,0.564344187245019,0.08059759034718887
0.27481203007518795,0.8451216368798791,0.564344187245019,0.07883597622345638
0.2789473684210526,0.8420281662409917,0.564344187245019,0.07710839219103584
0.28308270676691727,0.8389606282116636,0.564344187245019,0.0754141896491866
0.28721804511278193,0.8359187312225961,0.564344187245019,0.07375273293662894
0.2913533834586466,0.8329021869762993,0.564344187245019,0.07212339921966632
0.29548872180451125,0.8299107106650463,0.564344187245019,0.0705255783613999
0.2996240601503759,0.8269440211626624,0.564344187245019,0.0689586727735739
0.3037593984962406,0.8240018411908397,0.564344187245019,0.0674220972526476
0.3078947368421053,0.8210838974608673,0.564344187245019,0.06591527880171776
0.31203007518796994,0.8181899207918042,0.564344187245019,0.06443765643990547
0.3161654135338346,0.8153196462062505,0.564344187245019,0.06298868100080081
0.32030075187969925,0.8124728130049513,0.564344187245019,0.06156781492151255
0.3244360902255639,0.8096491648215252,0.564344187245019,0.060174532023810186
0.32857142857142857,0.8068484496586462,0.564344187245019,0.05880831728877737
0.33270676691729323,0.8040704199070299,0.564344187245019,0.057468666626320566
0.3368421052631579,0.8013148323485605,0.564344187245019,0.05615508664078861
0.34097744360902255,0.7985814481448925,0.564344187245019,0.05486709439387541
0.3451127819548872,0.795870032812832,0.564344187245019,0.05360421716589078
0.34924812030075186,0.7931803561877597,0.564344187245019,0.05236599221639057
0.3533834586466165,0.7905121923763251,0.564344187245019,0.05115196654507449
0.3575187969924812,0.7878653196995817,0.564344187245019,0.04996169665377018
0.36165413533834584,0.7852395206276904,0.564344187245019,0.048794748310241554
0.3657894736842105,0.7826345817072418,0.564344187245019,0.047650696314472815
0.36992481203007516,0.780050293482216,0.564344187245019,0.046529124268012916
0.37406015037593987,0.7774864504095139,0.564344187245019,0.04542962434688281
0.37819548872180453,0.7749428507699404,0.564344187245019,0.04435179707848306
0.3823308270676692,0.7724192965754657,0.564344187245019,0.04329525112287735
0.38646616541353385,0.7699155934735222,0.564344187245019,0.0422596030587643
0.3906015037593985,0.7674315506490376,0.564344187245019,0.041244477174395895
0.39473684210526316,0.7649669807248478,0.564344187245019,0.040249505263650044
0.3988721804511278,0.7625216996610827,0.564344187245019,0.0392743264274191
0.4030075187969925,0.7600955266540512,0.564344187245019,0.03831858688043013
0.40714285714285714,0.7576882840351187,0.564344187245019,0.03738193976357943
0.4112781954887218,0.7552997971700051,0.564344187245019,0.036464044961823434
0.41541353383458646,0.7529298943588991,0.564344187245019,0.035564568927642176
0.4195488721804511,0.7505784067377306,0.564344187245019,0.03468318451005947
0.4236842105263158,0.7482451681809077,0.564344187245019,0.033819570789182095
0.42781954887218043,0.7459300152057864,0.564344187245019,0.03297341291619741
0.4319548872180451,0.7436327868791047,0.564344187245019,0.032144401958751484
0.43609022556390975,0.7413533247255782,0.564344187245019,0.031332234751611523
0.4402255639097744,0.7390914726388277,0.564344187245019,0.030536613752505222
0.44436090225563907,0.7368470767947761,0.564344187245019,0.029757246903015705
0.4484962406015037,0.7346199855676295,0.564344187245019,0.028993847494402335
0.4526315789473684,0.7324100494485327,0.564344187245019,0.02824613403821046
0.45676691729323304,0.7302171209669659,0.564344187245019,0.027513830141525385
0.4609022556390977,0.7280410546149361,0.564344187245019,0.02679666438672422
0.46503759398496236,0.7258817067739843,0.564344187245019,0.02609437021557086
0.469172932330827,0.7237389356450341,0.564344187245019,0.025406685817504118
0.4733082706766917,0.7216126011810741,0.564344187245019,0.024733354021962358
0.47744360902255634,0.7195025650226643,0.564344187245019,0.024074122194590493
0.481578947368421,0.7174086904362418,0.564344187245019,0.02342874213717585
0.48571428571428565,0.7153308422551939,0.564344187245019,0.022796969991161587
0.4898496240601503,0.7132688868236504,0.564344187245019,0.022178566144585618
0.493984962406015,0.711222691942949,0.564344187245019,0.02157329514229983
0.4981203007518797,0.7091921268207152,0.564344187245019,0.020980925599324535
0.5022556390977444,0.7071770620224916,0.564344187245019,0.02040123011719718
0.5063909774436091,0.7051773694258535,0.564344187245019,0.019833985203180124
0.5105263157894737,0.7031929221769347,0.564344187245019,0.0192789711921934
0.5146616541353384,0.7012235946492896,0.564344187245019,0.018735972171344296
0.518796992481203,0.6992692624050185,0.564344187245019,0.01820477590693152
0.5229323308270677,0.6973298021580709,0.564344187245019,0.01768517377380254
0.5270676691729324,0.6954050917396533,0.564344187245019,0.017176960686951643
0.531203007518797,0.693495010065653,0.564344187245019,0.01667993503524678
0.5353383458646617,0.6915994371060052,0.564344187245019,0.01619389861718204
0.5394736842105263,0.6897182538559135,0.564344187245019,0.015718656578552998
0.543609022556391,0.6878513423088489,0.564344187245019,0.015254017351960929
0.5477443609022556,0.6859985854312477,0.564344187245019,0.014799792598053484
0.5518796992481203,0.6841598671388236,0.564344187245019,0.01435579714841465
0.556015037593985,0.6823350722744217,0.564344187245019,0.013921848950021725
0.5601503759398496,0.6805240865873375,0.564344187245019,0.013497769011191268
0.5642857142857143,0.6787267967140229,0.564344187245019,0.013083381348938664
0.5684210526315789,0.6769430901601103,0.564344187245019,0.012678512937682164
0.5725563909774436,0.6751728552836835,0.564344187245019,0.012282993659224502
0.5766917293233083,0.6734159812797237,0.564344187245019,0.01189665625394904
0.5808270676691729,0.6716723581656648,0.564344187245019,0.011519336273171367
0.5849624060150376,0.6699418767679993,0.564344187245019,0.011150872032591748
0.5890977443609022,0.6682244287098634,0.564344187245019,0.010791104566794383
0.5932330827067669,0.6665199063995457,0.564344187245019,0.01043987758474472
0.5973684210526315,0.664828203019864,0.564344187245019,0.010097037426239299
0.6015037593984962,0.6631492125183528,0.564344187245019,0.00976243301926413
0.6056390977443609,0.6614828295982023,0.564344187245019,0.009435915838219648
0.6097744360902255,0.6598289497099106,0.564344187245019,0.009117339862976767
0.6139097744360902,0.6581874690435887,0.564344187245019,0.008806561538725765
0.6180451127819548,0.6565582845218771,0.564344187245019,0.008503439736585856
0.6221804511278195,0.6549412937934284,0.564344187245019,0.008207835714943837
0.6263157894736842,0.6533363952269156,0.564344187245019,0.007919613081493132
0.6304511278195488,0.6517434879055222,0.564344187245019,0.007638637755945029
0.6345864661654135,0.6501624716218781,0.564344187245019,0.007364777933387462
0.6387218045112781,0.6485932468734064,0.564344187245019,0.007097904048267568
0.6428571428571428,0.6470357148580429,0.564344187245019,0.006837888738975494
0.6469924812030075,0.6454897774703012,0.564344187245019,0.006584606813009418
0.6511278195488721,0.6439553372976444,0.564344187245019,0.006337935212701641
0.6552631578947368,0.6424322976171479,0.564344187245019,0.006097752981489789
0.6593984962406014,0.6409205623924094,0.564344187245019,0.005863941230713863
0.6635338345864661,0.6394200362706935,0.564344187245019,0.005636383106925878
0.6676691729323307,0.6379306245802826,0.564344187245019,0.005414963759696676
0.6718045112781954,0.6364522333280083,0.564344187245019,0.005199570309906503
0.6759398496240601,0.6349847691969468,0.564344187245019,0.004990091818507027
0.6800751879699247,0.6335281395442568,0.564344187245019,0.0047864192557432106
0.6842105263157894,0.6320822523991381,0.564344187245019,0.0045884454708236795
0.688345864661654,0.6306470164609019,0.564344187245019,0.004396065162030539
0.6924812030075187,0.6292223410971264,0.564344187245019,0.004209174847257716
0.6966165413533834,0.6278081363418896,0.564344187245019,0.004027672834970181
0.700751879699248,0.6264043128940647,0.564344187245019,0.0038514591955753435
0.7048872180451127,0.625010782115663,0.564344187245019,0.0036804357331988447
0.7090225563909773,0.6236274560302132,0.564344187245019,0.0035145059578575795
0.713157894736842,0.6222542473211676,0.564344187245019,0.0033535750580231433
0.7172932330827066,0.6208910693303239,0.564344187245019,0.0031975498735693757
0.7214285714285713,0.6195378360562521,0.564344187245019,0.003046338869097735
0.725563909774436,0.6181944621527222,0.564344187245019,0.002899852107635211
0.7296992481203006,0.6168608629271202,0.564344187245019,0.002758001224698996
0.7338345864661653,0.6155369543388474,0.564344187245019,0.002620699402722956
0.73796992481203,0.6142226529976982,0.564344187245019,0.00248786134584119
0.7421052631578947,0.6129178761622099,0.564344187245019,0.002359403255024038
0.7462406015037594,0.6116225417379746,0.564344187245019,0.0022352428035615737
0.750375939849624,0.6103365682759182,0.564344187245019,0.0021152991128914164
0.7545112781954887,0.6090598749705329,0.564344187245019,0.001999492728765677
0.7586466165413533,0.6077923816580658,0.564344187245019,0.0018877455977539125
0.762781954887218,0.6065340088146588,0.564344187245019,0.0017799810440780434
0.7669172932330827,0.605284677554434,0.564344187245019,0.0016761237467753072
0.7710526315789473,0.6040443096275283,0.564344187245019,0.0015760997171862163
0.775187969924812,0.60281282741807,0.564344187245019,0.0014798362767636704
0.7793233082706766,0.6015901539420987,0.564344187245019,0.0013872620351999695
0.7834586466165413,0.6003762128454254,0.564344187245019,0.0012983068688683433
0.787593984962406,0.5991709284014339,0.564344187245019,0.0012129018995759256
0.7917293233082706,0.5979742255088206,0.564344187245019,0.0011309794736247612
0.7958646616541353,0.5967860296892749,0.564344187245019,0.0010524731411779206
0.7999999999999999,0.5956062670850953,0.564344187245019,0.0009773176359273075
0.8041353383458646,0.5944348644567488,0.564344187245019,0.0009054488550605124
0.8082706766917293,0.5932717491803645,0.564344187245019,0.0008368038395232507
0.8124060150375939,0.5921168492451709,0.564344187245019,0.0007713207545746834
0.8165413533834586,0.5909700932508704,0.564344187245019,0.000708938870632431
0.8206766917293232,0.5898314104049541,0.564344187245019,0.0006495985444043334
0.8248120300751879,0.5887007305199619,0.564344187245019,0.000593241200304164
0.8289473684210525,0.5875779840106796,0.564344187245019,0.0005398093121480219
0.8330827067669172,0.5864631018912847,0.564344187245019,0.0004892463851287872
0.8372180451127819,0.5853560157724336,0.564344187245019,0.0004414969380654726
0.8413533834586465,0.5842566578582945,0.564344187245019,0.00039650648592456044
0.8454887218045112,0.5831649609435321,0.564344187245019,0.00035422152261064226
0.8496240601503758,0.582080858410234,0.564344187245019,0.0003145895040229708
0.8537593984962405,0.5810042842247957,0.564344187245019,0.00027755883137556346
0.8578947368421052,0.5799351729347484,0.564344187245019,0.0002430788347773465
0.8620300751879698,0.578873459665548,0.564344187245019,0.00021109975706994573
0.8661654135338345,0.5778190801173149,0.564344187245019,0.00018157273791984983
0.8703007518796992,0.5767719705615305,0.564344187245019,0.0001544497981621618
0.8744360902255639,0.5757320678376944,0.564344187245019,0.00012968382439303234
0.8785714285714286,0.5746993093499386,0.564344187245019,0.000107228553807795
0.8827067669172932,0.5736736330636065,0.564344187245019,8.703855928196021e-05
0.8868421052631579,0.5726549775017931,0.564344187245019,6.906923469209063e-05
0.8909774436090225,0.5716432817418501,0.564344187245019,5.327678047366979e-05
0.8951127819548872,0.5706384854118615,0.564344187245019,3.9618189413116355e-05
0.8992481203007519,0.569640528687083,0.564344187245019,2.8051232670924932e-05
0.9033834586466165,0.5686493522863556,0.564344187245019,1.8534446033146773e-05
0.9075187969924812,0.5676648974684887,0.564344187245019,1.102711638825613e-05
0.9116541353383458,0.5666871060286195,0.564344187245019,5.489268426547997e-06
0.9157894736842105,0.5657159202945449,0.564344187245019,1.8816515591615415e-06
0.9199248120300751,0.5647512831230337,0.564344187245019,1.6572705389654723e-07
0.9240601503759398,0.563793137896115,0.564344187245019,3.036553849275691e-07
0.9281954887218045,0.5628414285173476,0.564344187245019,2.258283793592446e-06
0.9323308270676691,0.5618960994080743,0.564344187245019,5.993134057396695e-06
0.9364661654135338,0.5609570955036542,0.564344187245019,1.1472390464421336e-05
0.9406015037593984,0.5600243622496859,0.564344187245019,1.8660887990304803e-05
0.9447368421052631,0.5590978455982126,0.564344187245019,2.7524100675015016e-05
0.9488721804511278,0.5581774920039196,0.564344187245019,3.8028130196597524e-05
0.9530075187969924,0.5572632484203172,0.564344187245019,5.0139694639169924e-05
0.9571428571428571,0.5563550622959191,0.564344187245019,6.382611745232997e-05
0.9612781954887217,0.5554528815704085,0.564344187245019,7.905531659936078e-05
0.9654135338345864,0.5545566546708025,0.564344187245019,9.579579389134898e-05
0.969548872180451,0.5536663305076078,0.564344187245019,0.00011401662450467718
0.9736842105263157,0.5527818584709759,0.564344187245019,0.00013368744667906413
0.9778195488721804,0.5519031884268534,0.564344187245019,0.00015477845159359854
0.981954887218045,0.5510302707131342,0.564344187245019,0.00017726037341799674
0.9860902255639097,0.5501630561358078,0.564344187245019,0.00020110447953663636
0.9902255639097743,0.5493014959651134,0.564344187245019,0.0002262825609425495
0.994360902255639,0.5484455419316927,0.564344187245019,0.0002527669227989523
0.9984962406015037,0.5475951462227484,0.564344187245019,0.0002805303751657032
1.0026315789473683,0.5467502614782067,0.564344187245019,0.0003095462238881014
1.006766917293233,0.5459108407868843,0.564344187245019,0.00033978826164562557
1.0109022556390976,0.5450768376826649,0.564344187245019,0.0003712307591579466
1.0150375939849623,0.5442482061406787,0.564344187245019,0.00040384845654600234
1.019172932330827,0.5434249005734955,0.564344187245019,0.00043761655484538247
1.0233082706766916,0.5426068758273233,0.564344187245019,0.00047251070766988595
1.0274436090225563,0.5417940871782193,0.564344187245019,0.0005085070130226796
1.031578947368421,0.5409864903283106,0.564344187245019,0.0005455820052528098
1.0357142857142856,0.5401840414020278,0.564344187245019,0.0005837126471546049
1.0398496240601502,0.5393866969423511,0.564344187245019,0.0006228763222077631
1.043984962406015,0.5385944139070693,0.564344187245019,0.0006630508269557852
1.0481203007518798,0.5378071496650537,0.564344187245019,0.0007042143635204897
1.0522556390977442,0.5370248619925455,0.564344187245019,0.0007463455322504358
1.056390977443609,0.5362475090694606,0.564344187245019,0.000789423324500899
1.0605263157894735,0.5354750494757082,0.564344187245019,0.0008334271155434457
1.0646616541353384,0.5347074421875291,0.564344187245019,0.0008783366576026533
1.0687969924812029,0.5339446465738472,0.564344187245019,0.0009241320730182277
1.0729323308270677,0.5331866223926426,0.564344187245019,0.0009707938475300423
1.0770676691729322,0.5324333297873419,0.564344187245019,0.0010183028236841847
1.081203007518797,0.5316847292832249,0.564344187245019,0.001066640194358199
1.0853383458646615,0.5309407817838557,0.564344187245019,0.0011157874964028722
1.0894736842105264,0.5302014485675273,0.564344187245019,0.00116572660439949
1.0936090225563908,0.5294666912837326,0.564344187245019,0.0012164397245295504
1.0977443609022557,0.5287364719496512,0.564344187245019,0.0012679093885559678
1.1018796992481201,0.5280107529466596,0.564344187245019,0.0013201184479132025
1.106015037593985,0.5272894970168623,0.564344187245019,0.0013730500679046487
1.1101503759398494,0.5265726672596444,0.564344187245019,0.0014266877220055563
1.1142857142857143,0.5258602271282453,0.564344187245019,0.0014810151862694276
1.1184210526315788,0.5251521404263589,0.564344187245019,0.0015360165338360425
1.1225563909774436,0.5244483713047486,0.564344187245019,0.0015916761295399309
1.126691729323308,0.5237488842578935,0.564344187245019,0.0016479786246165243
1.130827067669173,0.5230536441206519,0.564344187245019,0.001704908951505218
1.1349624060150374,0.5223626160649509,0.564344187245019,0.0017624523187471217
1.1390977443609023,0.5216757655964988,0.564344187245019,0.0018205942059759115
1.1432330827067667,0.5209930585515213,0.564344187245019,0.0018793203590001966
1.1473684210526316,0.5203144610935209,0.564344187245019,0.0019386167849759191
1.151503759398496,0.5196399397100627,0.564344187245019,0.0019984697476666444
1.155639097744361,0.5189694612095803,0.564344187245019,0.002058865762791117
1.1597744360902253,0.5183029927182109,0.564344187245019,0.0021197915934553844
1.1639097744360902,0.5176405016766505,0.564344187245019,0.0021812342456690283
1.1680451127819547,0.516981955837038,0.564344187245019,0.002243180963943143
1.1721804511278195,0.5163273232598597,0.564344187245019,0.0023056192269692837
1.176315789473684,0.5156765723108815,0.564344187245019,0.002368536743377485
1.1804511278195489,0.5150296716581042,0.564344187245019,0.0024319214475720624
1.1845864661654133,0.514386590268746,0.564344187245019,0.0024957614956437214
1.1887218045112782,0.5137472974062468,0.564344187245019,0.0025600452613568493
1.1928571428571426,0.5131117626273004,0.564344187245019,0.0026247613322102187
1.1969924812030075,0.512479955778909,0.564344187245019,0.002689898505570231
1.201127819548872,0.5118518469954654,0.564344187245019,0.0027554457848749077
1.2052631578947368,0.5112274066958591,0.564344187245019,0.002821392375907613
1.2093984962406013,0.5106066055806056,0.564344187245019,0.0028877276831395043
1.2135338345864661,0.5099894146290034,0.564344187245019,0.002954441306138762
1.2176691729323306,0.5093758050963157,0.564344187245019,0.0030215230360458784
1.2218045112781954,0.5087657485109748,0.564344187245019,0.003088962852113907
1.22593984962406,0.5081592166718141,0.564344187245019,0.003156750918311904
1.2300751879699248,0.5075561816453227,0.564344187245019,0.0032248775799911407
1.2342105263157894,0.5069566157629269,0.564344187245019,0.0032933333606122257
1.238345864661654,0.5063604916182951,0.564344187245019,0.00336210895853256
1.2424812030075187,0.5057677820646673,0.564344187245019,0.0034311952438527307
1.2466165413533834,0.5051784602122098,0.564344187245019,0.0035005832553208897
1.250751879699248,0.5045924994253947,0.564344187245019,0.0035702641972938337
1.2548872180451127,0.5040098733204037,0.564344187245019,0.003640229436754028
1.2590225563909774,0.5034305557625539,0.564344187245019,0.003710470500381562
1.263157894736842,0.5028545208637534,0.564344187245019,0.0037809790716793485
1.2672932330827067,0.5022817429799747,0.564344187245019,0.003851746988151725
1.2714285714285714,0.5017121967087562,0.564344187245019,0.003922766238534511
1.275563909774436,0.5011458568867266,0.564344187245019,0.003994028960075858
1.2796992481203007,0.5005826985871528,0.564344187245019,0.004065527435867205
1.2838345864661653,0.500022697117512,0.564344187245019,0.004137254092222978
1.28796992481203,0.49946582801708694,0.564344187245019,0.004209201496108597
1.2921052631578946,0.49891206705458496,0.564344187245019,0.004281362352615406
1.2962406015037593,0.4983613902257805,0.564344187245019,0.004353729502482026
1.300375939849624,0.49781377375117997,0.564344187245019,0.004426295919661199
1.3045112781954886,0.4972691940737109,0.564344187245019,0.004499054708931029
1.3086466165413533,0.49672762785643293,0.564344187245019,0.004571999103550188
1.312781954887218,0.4961890519802724,0.564344187245019,0.004645122462955904
1.3169172932330826,0.49565344354177915,0.564344187245019,0.004718418270504185
1.3210526315789473,0.4951207798509057,0.564344187245019,0.004791880131251381
1.325187969924812,0.4945910384288094,0.564344187245019,0.004865501769776281
1.3293233082706766,0.4940641970056754,0.564344187245019,0.004939277028042234
1.3334586466165412,0.49354023351856396,0.564344187245019,0.005013199863297986
1.337593984962406,0.49301912610927695,0.564344187245019,0.005087264346017341
1.3417293233082705,0.4925008531222484,0.564344187245019,0.005161464657876056
1.3458646616541352,0.4919853931024549,0.564344187245019,0.005235795089765965
1.3499999999999999,0.49147272479334864,0.564344187245019,0.005310250039845204
1.3541353383458645,0.49096282713481054,0.564344187245019,0.005384824011624093
1.3582706766917292,0.4904556792611259,0.564344187245019,0.005459511612085838
1.3624060150375938,0.4899512604989793,0.564344187245019,0.005534307549841629
1.3665413533834585,0.489449550365472,0.564344187245019,0.005609206633319202
1.3706766917293232,0.48895052856615756,0.564344187245019,0.0056842037689846595
1.3748120300751878,0.4884541749931014,0.564344187245019,0.005759293959596204
1.3789473684210525,0.4879604697229561,0.564344187245019,0.0058344723024903004
1.3830827067669171,0.48746939301506204,0.564344187245019,0.0059097339878982245
1.3872180451127818,0.4869809253095621,0.564344187245019,0.005985074297294114
1.3913533834586465,0.48649504722554177,0.564344187245019,0.006060488601772172
1.3954887218045111,0.48601173955918464,0.564344187245019,0.0061359723604539765
1.3996240601503758,0.48553098328194905,0.564344187245019,0.006211521118924466
1.4037593984962404,0.48505275953876453,0.564344187245019,0.006287130507696179
1.407894736842105,0.4845770496462454,0.564344187245019,0.006362796240701686
1.4120300751879697,0.48410383509092575,0.564344187245019,0.006438514113812898
1.4161654135338344,0.4836330975275106,0.564344187245019,0.00651428000338769
1.420300751879699,0.48316481877714773,0.564344187245019,0.0065900898648424125
1.4244360902255637,0.48269898082571616,0.564344187245019,0.00666593973125057
1.4285714285714284,0.4822355658221346,0.564344187245019,0.006741825711966549
1.432706766917293,0.48177455607668646,0.564344187245019,0.006817743991274473
1.4368421052631577,0.481315934059363,0.564344187245019,0.006893690827061393
1.4409774436090224,0.4808596823982258,0.564344187245019,0.0069696625495142385
1.445112781954887,0.48040578387778393,0.564344187245019,0.00704565555984066
1.4492481203007517,0.47995422143739097,0.564344187245019,0.007121666329012628
1.4533834586466163,0.4795049781696579,0.564344187245019,0.007197691396532829
1.457518796992481,0.47905803731888397,0.564344187245019,0.007273727369223183
1.4616541353383457,0.4786133822795034,0.564344187245019,0.007349770920035276
1.4657894736842103,0.47817099659454926,0.564344187245019,0.007425818786882206
1.469924812030075,0.477730863954135,0.564344187245019,0.007501867771491189
1.4740601503759396,0.4772929681939495,0.564344187245019,0.007577914738277285
1.4781954887218043,0.47685729329377213,0.564344187245019,0.007653956613236716
1.482330827067669,0.4764238233760005,0.564344187245019,0.007729990382860618
1.4864661654135338,0.475992542704196,0.564344187245019,0.007806013093067939
1.4906015037593985,0.4755634356816454,0.564344187245019,0.007882021848157467
1.4947368421052631,0.47513648684993526,0.564344187245019,0.007958013809779025
1.4988721804511278,0.47471168088754584,0.564344187245019,0.008033986195922467
1.5030075187969925,0.47428900260845686,0.564344187245019,0.008109936279925298
1.5071428571428571,0.4738684369607708,0.564344187245019,0.008185861389497638
1.5112781954887218,0.4734499690253482,0.564344187245019,0.008261758905765137
1.5154135338345864,0.47303358401446166,0.564344187245019,0.00833762626232827
1.519548872180451,0.4726192672704614,0.564344187245019,0.008413460944338999
1.5236842105263158,0.47220700426445605,0.564344187245019,0.008489260487593738
1.5278195488721804,0.47179678059500907,0.564344187245019,0.008565022477642303
1.531954887218045,0.47138858198684713,0.564344187245019,0.00864074454891307
1.5360902255639097,0.47098239428958466,0.564344187245019,0.008716424383853389
1.5402255639097744,0.4705782034764617,0.564344187245019,0.008792059712085356
1.544360902255639,0.47017599564309354,0.564344187245019,0.008867648309576946
1.5484962406015037,0.46977575700623747,0.564344187245019,0.00894318799782729
1.5526315789473684,0.4693774739025702,0.564344187245019,0.009018676643066848
1.556766917293233,0.46898113278747994,0.564344187245019,0.00909411215547156
1.5609022556390977,0.46858672023387016,0.564344187245019,0.00916949248839126
1.5650375939849623,0.4681942229309796,0.564344187245019,0.009244815637591046
1.569172932330827,0.4678036276832105,0.564344187245019,0.009320079640507097
1.5733082706766917,0.46741492140897417,0.564344187245019,0.009395282575514648
1.5774436090225563,0.4670280911395457,0.564344187245019,0.009470422561209718
1.581578947368421,0.4666431240179335,0.564344187245019,0.009545497755702957
1.5857142857142856,0.46626000729775974,0.564344187245019,0.009620506355926336
1.5898496240601503,0.4658787283421534,0.564344187245019,0.009695446596951918
1.593984962406015,0.46549927462265595,0.564344187245019,0.009770316751322587
1.5981203007518796,0.4651216337181383,0.564344187245019,0.009845115128394704
1.6022556390977443,0.4647457933137291,0.564344187245019,0.009919840073692402
1.606390977443609,0.4643717411997568,0.564344187245019,0.009994489968272856
1.6105263157894736,0.4639994652707006,0.564344187245019,0.010069063228103263
1.6146616541353382,0.46362895352415456,0.564344187245019,0.01014355830344835
1.618796992481203,0.4632601940598019,0.564344187245019,0.010217973678269017
1.6229323308270676,0.4628931750784025,0.564344187245019,0.01029230786963097
1.6270676691729322,0.46252788488078883,0.564344187245019,0.010366559427124342
1.6312030075187969,0.46216431186687423,0.564344187245019,0.010440726932293195
1.6353383458646615,0.4618024445346719,0.564344187245019,0.010514808998075024
1.6394736842105262,0.4614422714793246,0.564344187245019,0.010588804268250067
1.6436090225563909,0.46108378139214434,0.564344187245019,0.010662711416900391
1.6477443609022555,0.4607269630596639,0.564344187245019,0.010736529147878144
1.6518796992481202,0.460371805362696,0.564344187245019,0.010810256194283607
1.6560150375939848,0.4600182972754068,0.564344187245019,0.010883891317951637
1.6601503759398495,0.4596664278643948,0.564344187245019,0.010957433308947854
1.6642857142857141,0.45931618628778326,0.564344187245019,0.011030880985073113
1.6684210526315788,0.4589675617943215,0.564344187245019,0.011104233191376585
1.6725563909774435,0.45862054372249506,0.564344187245019,0.01117748879967772
1.6766917293233081,0.4582751214996467,0.564344187245019,0.011250646708096107
1.6808270676691728,0.45793128464110594,0.564344187245019,0.011323705840589888
1.6849624060150374,0.4575890227493288,0.564344187245019,0.011396665146501879
1.689097744360902,0.45724832551304745,0.564344187245019,0.011469523600113569
1.6932330827067668,0.456909182706427,0.564344187245019,0.011542280200207285
1.6973684210526314,0.45657158418823296,0.564344187245019,0.011614933969635569
1.701503759398496,0.4562355199010083,0.564344187245019,0.011687483954897967
1.7056390977443607,0.45590097987025757,0.564344187245019,0.011759929225725512
1.7097744360902254,0.4555679542036414,0.564344187245019,0.011832268874672093
1.71390977443609,0.4552364330901791,0.564344187245019,0.011904502016712988
1.7180451127819547,0.45490640679945965,0.564344187245019,0.011976627788850452
1.7221804511278194,0.4545778656808618,0.564344187245019,0.012048645349725967
1.726315789473684,0.45425080016278235,0.564344187245019,0.012120553879239191
1.7304511278195487,0.45392520075187226,0.564344187245019,0.012192352578173722
1.7345864661654133,0.45360105803228196,0.564344187245019,0.012264040667828973
1.738721804511278,0.45327836266491367,0.564344187245019,0.012335617389658729
1.7428571428571427,0.45295710538668366,0.564344187245019,0.012407082004915498
1.7469924812030073,0.45263727700978956,0.564344187245019,0.012478433794301608
1.751127819548872,0.4523188684209876,0.564344187245019,0.012549672057625881
1.7552631578947366,0.4520018705808785,0.564344187245019,0.012620796113466025
1.7593984962406013,0.45168627452319793,0.564344187245019,0.012691805298837455
1.763533834586466,0.4513720713541174,0.564344187245019,0.012762698968867305
1.7676691729323306,0.45105925225155147,0.564344187245019,0.012833476496474166
1.7718045112781953,0.4507478084644723,0.564344187245019,0.012904137272053437
1.77593984962406,0.4504377313122323,0.564344187245019,0.012974680703167879
1.7800751879699246,0.45012901218389334,0.564344187245019,0.013045106214243582
1.7842105263157892,0.4498216425375626,0.564344187245019,0.013115413246271345
1.788345864661654,0.4495156138997377,0.564344187245019,0.013185601256512646
1.7924812030075186,0.44921091786465606,0.564344187245019,0.013255669718211219
1.7966165413533832,0.44890754609365335,0.564344187245019,0.013325618120309165
1.8007518796992479,0.4486054903145279,0.564344187245019,0.01339544596716807
1.8048872180451125,0.44830474232091133,0.564344187245019,0.013465152778295018
1.8090225563909772,0.4480052939716472,0.564344187245019,0.013534738088073
1.8131578947368419,0.44770713719017563,0.564344187245019,0.013604201445496037
1.8172932330827065,0.44741026396392364,0.564344187245019,0.013673542413909097
1.8214285714285712,0.4471146663437039,0.564344187245019,0.013742760570751876
1.8255639097744358,0.44682033644311775,0.564344187245019,0.013811855507307546
1.8296992481203005,0.4465272664379661,0.564344187245019,0.013880826828455378
1.8338345864661652,0.4462354485656657,0.564344187245019,0.013949674152427764
1.8379699248120298,0.4459448751246724,0.564344187245019,0.014018397110571254
1.8421052631578947,0.44565553847390954,0.564344187245019,0.014086995347111783
1.8462406015037593,0.4453674310322027,0.564344187245019,0.014155468518923917
1.850375939849624,0.44508054527772145,0.564344187245019,0.014223816295303738
1.8545112781954887,0.4447948737474252,0.564344187245019,0.014292038357745961
1.8586466165413533,0.4445104090365172,0.564344187245019,0.014360134399724408
1.862781954887218,0.44422714379790035,0.564344187245019,0.014428104126476991
1.8669172932330826,0.44394507074164485,0.564344187245019,0.014495947254793062
1.8710526315789473,0.4436641826344549,0.564344187245019,0.014563663512805775
1.875187969924812,0.4433844722991456,0.564344187245019,0.014631252639786943
1.8793233082706766,0.44310593261412373,0.564344187245019,0.014698714385945798
1.8834586466165413,0.4428285565128734,0.564344187245019,0.01476604851223117
1.887593984962406,0.44255233698344837,0.564344187245019,0.014833254790136842
1.8917293233082706,0.4422772670679687,0.564344187245019,0.014900333001510366
1.8958646616541353,0.4420033398621228,0.564344187245019,0.014967282938365098
1.9,0.44173054851467597,0.564344187245019,0.015034104402695076
