varied_parameter,value,qu50,sI50,beta50,pf50,stiffness50
kH,0.25,883.0367161392642,0.04524918932572661,-0.5833304257111827,0.7201645579066203,1.325990606551856
kH,0.2728813559322034,882.121932095598,0.04524918932572661,-0.591912483844047,0.7230454031285782,1.325990606551856
kH,0.2957627118644068,881.0696559152595,0.04524918932572661,-0.6018064661251509,0.7263485147722777,1.325990606551856
kH,0.31864406779661014,879.8982843149365,0.04524918932572661,-0.6128480716700345,0.7300115991362046,1.325990606551856
kH,0.34152542372881356,878.6267533021213,0.04524918932572661,-0.6248671264967517,0.7339708652432937,1.325990606551856
kH,0.364406779661017,877.2733150225722,0.04524918932572661,-0.6376986837602736,0.7381650787349623,1.325990606551856
kH,0.38728813559322034,875.8548436670742,0.04524918932572661,-0.6511893614918677,0.7425378715464985,1.325990606551856
kH,0.4101694915254237,874.3865012268901,0.04524918932572661,-0.6652004547629263,0.7470388551640627,1.325990606551856
kH,0.4330508474576271,872.8816341206377,0.04524918932572661,-0.6796089823445992,0.7516239596737964,1.325990606551856
kH,0.45593220338983054,871.3518094605768,0.04524918932572661,-0.6943074823555047,0.756255300192151,1.325990606551856
kH,0.4788135593220339,869.8069295332415,0.04524918932572661,-0.7092031022933398,0.760900775692683,1.325990606551856
kH,0.5016949152542373,868.255384726026,0.04524918932572661,-0.7242163353529207,0.7655335343132922,1.325990606551856
kH,0.5245762711864407,866.7042201082592,0.04524918932572661,-0.7392796221968004,0.7701313896844426,1.325990606551856
kH,0.5474576271186441,865.159300886886,0.04524918932572661,-0.7543359491593741,0.7746762393667928,1.325990606551856
kH,0.5703389830508474,863.6254684699912,0.04524918932572661,-0.7693375167418961,0.7791535144878567,1.325990606551856
kH,0.5932203389830508,862.1066830013067,0.04524918932572661,-0.7842445161168786,0.7835516755468149,1.325990606551856
kH,0.6161016949152542,860.6061507735812,0.04524918932572661,-0.7990240290884105,0.7878617605292452,1.325990606551856
kH,0.6389830508474577,859.1264364391888,0.04524918932572661,-0.8136490536870115,0.7920769861378971,1.325990606551856
kH,0.6618644067796611,857.6695607840055,0.04524918932572661,-0.8280976500624658,0.7961923998758507,1.325990606551856
kH,0.6847457627118644,856.2370852616218,0.04524918932572661,-0.8423521974347082,0.8002045790938357,1.325990606551856
kH,0.7076271186440678,854.8301846602989,0.04524918932572661,-0.8563987511788732,0.8041113723917883,1.325990606551856
kH,0.7305084745762712,853.4497092986367,0.04524918932572661,-0.8702264887605222,0.8079116785913947,1.325990606551856
kH,0.7533898305084745,852.0962380838344,0.04524918932572661,-0.8838272336316627,0.8116052586424498,1.325990606551856
kH,0.7762711864406779,850.7701236601735,0.04524918932572661,-0.8971950469907186,0.815192576145252,1.325990606551856
kH,0.7991525423728814,849.4715307503436,0.04524918932572661,-0.9103258782810436,0.8186746625725689,1.325990606551856
kH,0.8220338983050848,848.2004686636274,0.04524918932572661,-0.9232172663213208,0.822053003701877,1.325990606551856
kH,0.8449152542372882,846.956818821319,0.04524918932572661,-0.9358680839522767,0.825329444188695,1.325990606551856
kH,0.8677966101694915,845.7403580355949,0.04524918932572661,-0.9482783200069131,0.8285061076064782,1.325990606551856
kH,0.8906779661016949,844.5507781753237,0.04524918932572661,-0.9604488932475159,0.8315853296386977,1.325990606551856
kH,0.9135593220338983,843.3877027614823,0.04524918932572661,-0.9723814936561557,0.8345696024309561,1.325990606551856
kH,0.9364406779661016,842.2507009555404,0.04524918932572661,-0.9840784471180987,0.8374615283953083,1.325990606551856
kH,0.9593220338983051,841.1392993355314,0.04524918932572661,-0.9955426001053614,0.840263782007289,1.325990606551856
kH,0.9822033898305085,840.0529917954987,0.04524918932572661,-1.0067772214584172,0.8429790783514519,1.325990606551856
kH,1.005084745762712,838.991247853493,0.04524918932572661,-1.0177859187860885,0.8456101473567825,1.325990606551856
kH,1.0279661016949153,837.9535196101929,0.04524918932572661,-1.0285725673656234,0.8481597128226708,1.325990606551856
kH,1.0508474576271185,836.93924756357,0.04524918932572661,-1.039141249734244,0.8506304754723653,1.325990606551856
kH,1.0737288135593221,835.9478654538677,0.04524918932572661,-1.0494962044277636,0.85302509938714,1.325990606551856
kH,1.0966101694915253,834.9788042867542,0.04524918932572661,-1.05964178254706,0.8553462012734274,1.325990606551856
kH,1.1194915254237288,834.031495660105,0.04524918932572661,-1.0695824110253247,0.8575963420993987,1.325990606551856
kH,1.1423728813559322,833.1053745009,0.04524918932572661,-1.0793225616325473,0.8597780207090058,1.325990606551856
kH,1.1652542372881356,832.199881302637,0.04524918932572661,-1.0888667248931672,0.8618936690822128,1.325990606551856
kH,1.188135593220339,831.314463940035,0.04524918932572661,-1.0982193882116615,0.8639456489616445,1.325990606551856
kH,1.2110169491525424,830.4485791262605,0.04524918932572661,-1.1073850176021096,0.8659362496095173,1.325990606551856
kH,1.2338983050847459,829.6016935681088,0.04524918932572661,-1.1163680425042686,0.8678676864957142,1.325990606551856
kH,1.256779661016949,828.7732848662743,0.04524918932572661,-1.1251728432424273,0.8697421007491947,1.325990606551856
kH,1.2796610169491525,827.9628422007904,0.04524918932572661,-1.1338037407463397,0.8715615592314641,1.325990606551856
kH,1.3025423728813559,827.1698668357341,0.04524918932572661,-1.1422649882074296,0.8733280551132983,1.325990606551856
kH,1.3254237288135593,826.3938724722025,0.04524918932572661,-1.1505607643895317,0.8750435088549416,1.325990606551856
kH,1.3483050847457627,825.6343854742486,0.04524918932572661,-1.15869516835288,0.8767097695060866,1.325990606551856
kH,1.3711864406779661,824.8909449887742,0.04524918932572661,-1.166672215383932,0.878328616255585,1.325990606551856
kH,1.3940677966101696,824.1631029772554,0.04524918932572661,-1.174495833952545,0.8799017601723461,1.325990606551856
kH,1.416949152542373,823.4504241745009,0.04524918932572661,-1.1821698635429603,0.8814308460886386,1.325990606551856
kH,1.4398305084745764,822.7524859873696,0.04524918932572661,-1.1896980532264403,0.8829174545852492,1.325990606551856
kH,1.4627118644067796,822.0688783444386,0.04524918932572661,-1.1970840608617515,0.88436310404491,1.325990606551856
kH,1.485593220338983,821.3992035059507,0.04524918932572661,-1.2043314528255502,0.8857692527462961,1.325990606551856
kH,1.5084745762711864,820.7430758419646,0.04524918932572661,-1.2114437041882993,0.8871373009758425,1.325990606551856
kH,1.5313559322033898,820.1001215854182,0.04524918932572661,-1.2184241992631462,0.8884685931388356,1.325990606551856
kH,1.5542372881355933,819.4699785657928,0.04524918932572661,-1.2252762324652091,0.8897644198547274,1.325990606551856
kH,1.5771186440677967,818.8522959281745,0.04524918932572661,-1.2320030094275822,0.8910260200246225,1.325990606551856
kH,1.6,818.2467338417702,0.04524918932572661,-1.2386076483277462,0.8922545828613393,1.325990606551856
kE,0.25,855.2962513227749,0.043414351782787686,-0.8517404037648153,0.8028209048946049,1.3820314604763477
kE,0.2728813559322034,855.2962513227749,0.04350376297232581,-0.8517404037648153,0.8028209048946049,1.3791910377538603
kE,0.2957627118644068,855.2962513227749,0.043607069225438,-0.8517404037648153,0.8028209048946049,1.3759236992014876
kE,0.31864406779661014,855.2962513227749,0.0437226461609415,-0.8517404037648153,0.8028209048946049,1.3722865669919002
kE,0.34152542372881356,855.2962513227749,0.043848801102293736,-0.8517404037648153,0.8028209048946049,1.3683384378064876
kE,0.364406779661017,855.2962513227749,0.04398388479094161,-0.8517404037648153,0.8028209048946049,1.3641359849222976
kE,0.38728813559322034,855.2962513227749,0.04412635542625805,-0.8517404037648153,0.8028209048946049,1.3597316030386706
kE,0.4101694915254237,855.2962513227749,0.0442748105766532,-0.8517404037648153,0.8028209048946049,1.35517237044124
kE,0.4330508474576271,855.2962513227749,0.044427998580708,-0.8517404037648153,0.8028209048946049,1.3504997280263227
kE,0.45593220338983054,855.2962513227749,0.044584817532741336,-0.8517404037648153,0.8028209048946049,1.3457495919084643
kE,0.4788135593220339,855.2962513227749,0.044744307239504365,-0.8517404037648153,0.8028209048946049,1.3409527088850872
kE,0.5016949152542373,855.2962513227749,0.04490563760768247,-0.8517404037648153,0.8028209048946049,1.3361351312765946
kE,0.5245762711864407,855.2962513227749,0.04506809561098832,-0.8517404037648153,0.8028209048946049,1.3313187341639314
kE,0.5474576271186441,855.2962513227749,0.04523107212067339,-0.8517404037648153,0.8028209048946049,1.326521729131782
kE,0.5703389830508474,855.2962513227749,0.04539404932604547,-0.8517404037648153,0.8028209048946049,1.3217591488489255
kE,0.5932203389830508,855.2962513227749,0.045556589120443594,-0.8517404037648153,0.8028209048946049,1.3170432896407274
kE,0.6161016949152542,855.2962513227749,0.045718322612209095,-0.8517404037648153,0.8028209048946049,1.3123841071101978
kE,0.6389830508474577,855.2962513227749,0.04587894079155938,-0.8517404037648153,0.8028209048946049,1.3077895645541702
kE,0.6618644067796611,855.2962513227749,0.04603818631114313,-0.8517404037648153,0.8028209048946049,1.3032659365531423
kE,0.6847457627118644,855.2962513227749,0.04619584629965754,-0.8517404037648153,0.8028209048946049,1.2988180714516921
kE,0.7076271186440678,855.2962513227749,0.04635174611081449,-0.8517404037648153,0.8028209048946049,1.2944496169908297
kE,0.7305084745762712,855.2962513227749,0.0465057439055596,-0.8517404037648153,0.8028209048946049,1.290163213426787
kE,0.7533898305084745,855.2962513227749,0.04665772596833998,-0.8517404037648153,0.8028209048946049,1.2859606582779781
kE,0.7762711864406779,855.2962513227749,0.046807602664981345,-0.8517404037648153,0.8028209048946049,1.2818430465119381
kE,0.7991525423728814,855.2962513227749,0.046955304958290214,-0.8517404037648153,0.8028209048946049,1.2778108895959086
kE,0.8220338983050848,855.2962513227749,0.04710078140658946,-0.8517404037648153,0.8028209048946049,1.273864216435397
kE,0.8449152542372882,855.2962513227749,0.047243995579307294,-0.8517404037648153,0.8028209048946049,1.2700026588411542
kE,0.8677966101694915,855.2962513227749,0.04738492383208186,-0.8517404037648153,0.8028209048946049,1.2662255238105318
kE,0.8906779661016949,855.2962513227749,0.047523553391430676,-0.8517404037648153,0.8028209048946049,1.2625318545902133
kE,0.9135593220338983,855.2962513227749,0.04765988070580516,-0.8517404037648153,0.8028209048946049,1.2589204822053146
kE,0.9364406779661016,855.2962513227749,0.04779391002581323,-0.8517404037648153,0.8028209048946049,1.255390068893596
kE,0.9593220338983051,855.2962513227749,0.04792565218159742,-0.8517404037648153,0.8028209048946049,1.2519391446703967
kE,0.9822033898305085,855.2962513227749,0.04805512352986681,-0.8517404037648153,0.8028209048946049,1.2485661380666166
kE,1.005084745762712,855.2962513227749,0.04818234504697449,-0.8517404037648153,0.8028209048946049,1.2452694019252095
kE,1.0279661016949153,855.2962513227749,0.04830734154778032,-0.8517404037648153,0.8028209048946049,1.2420472350078422
kE,1.0508474576271185,855.2962513227749,0.048430141012912056,-0.8517404037648153,0.8028209048946049,1.238897900049543
kE,1.0737288135593221,855.2962513227749,0.04855077400949982,-0.8517404037648153,0.8028209048946049,1.2358196388024614
kE,1.0966101694915253,855.2962513227749,0.04866927319256642,-0.8517404037648153,0.8028209048946049,1.2328106845278346
kE,1.1194915254237288,855.2962513227749,0.04878567287605975,-0.8517404037648153,0.8028209048946049,1.2298692723257154
kE,1.1423728813559322,855.2962513227749,0.048900008664056,-0.8517404037648153,0.8028209048946049,1.2269936476330945
kE,1.1652542372881356,855.2962513227749,0.04901231713398371,-0.8517404037648153,0.8028209048946049,1.224182073171108
kE,1.188135593220339,855.2962513227749,0.04912263556484835,-0.8517404037648153,0.8028209048946049,1.2214328345797345
kE,1.2110169491525424,855.2962513227749,0.04923100170440637,-0.8517404037648153,0.8028209048946049,1.2187442449425065
kE,1.2338983050847459,855.2962513227749,0.04933745357006721,-0.8517404037648153,0.8028209048946049,1.216114648373375
kE,1.256779661016949,855.2962513227749,0.049442029279014275,-0.8517404037648153,0.8028209048946049,1.2135424228120641
kE,1.2796610169491525,855.2962513227749,0.04954476690364722,-0.8517404037648153,0.8028209048946049,1.2110259821523779
kE,1.3025423728813559,855.2962513227749,0.0496457043489737,-0.8517404037648153,0.8028209048946049,1.208563777809315
kE,1.3254237288135593,855.2962513227749,0.04974487924903071,-0.8517404037648153,0.8028209048946049,1.2061542998150732
kE,1.3483050847457627,855.2962513227749,0.04984232887980511,-0.8517404037648153,0.8028209048946049,1.2037960775205776
kE,1.3711864406779661,855.2962513227749,0.04993809008645863,-0.8517404037648153,0.8028209048946049,1.2014876799677565
kE,1.3940677966101696,855.2962513227749,0.05003219922295229,-0.8517404037648153,0.8028209048946049,1.1992277159880467
kE,1.416949152542373,855.2962513227749,0.05012469210241543,-0.8517404037648153,0.8028209048946049,1.1970148340743363
kE,1.4398305084745764,855.2962513227749,0.050215603956820704,-0.8517404037648153,0.8028209048946049,1.1948477220664853
kE,1.4627118644067796,855.2962513227749,0.05030496940471415,-0.8517404037648153,0.8028209048946049,1.192725106684536
kE,1.485593220338983,855.2962513227749,0.050392822425911,-0.8517404037648153,0.8028209048946049,1.1906457529386005
kE,1.5084745762711864,855.2962513227749,0.05047919634220932,-0.8517404037648153,0.8028209048946049,1.18860846344001
kE,1.5313559322033898,855.2962513227749,0.050564123803295245,-0.8517404037648153,0.8028209048946049,1.186612077634574
kE,1.5542372881355933,855.2962513227749,0.05064763677711987,-0.8517404037648153,0.8028209048946049,1.1846554709755988
kE,1.5771186440677967,855.2962513227749,0.050729766544120196,-0.8517404037648153,0.8028209048946049,1.182737554051572
kE,1.6,855.2962513227749,0.05081054369473686,-0.8517404037648153,0.8028209048946049,1.1808572716810943
rs,0.02,858.7117604567145,0.04524918932572661,-0.8177566205481581,0.7932519137287908,1.325990606551856
rs,0.029830508474576273,858.5438794992835,0.04524918932572661,-0.8194206912832198,0.7937267831504453,1.325990606551856
rs,0.03966101694915254,858.3759985418526,0.04524918932572661,-0.8210854129353361,0.7942011908638331,1.325990606551856
rs,0.04949152542372881,858.2081175844216,0.04524918932572661,-0.8227507858864999,0.7946751357875512,1.325990606551856
rs,0.05932203389830508,858.0402366269908,0.04524918932572661,-0.8244168105190024,0.7951486168425631,1.325990606551856
rs,0.06915254237288135,857.8723556695599,0.04524918932572661,-0.8260834872154373,0.795621632952212,1.325990606551856
rs,0.07898305084745763,857.7044747121289,0.04524918932572661,-0.8277508163586945,0.7960941830422295,1.325990606551856
rs,0.0888135593220339,857.536593754698,0.04524918932572661,-0.8294187983319651,0.7965662660407482,1.325990606551856
rs,0.09864406779661017,857.3687127972671,0.04524918932572661,-0.8310874335187387,0.7970378808783123,1.325990606551856
rs,0.10847457627118644,857.2008318398362,0.04524918932572661,-0.8327567223028092,0.7975090264878897,1.325990606551856
rs,0.1183050847457627,857.0329508824052,0.04524918932572661,-0.8344266650682672,0.797979701804881,1.325990606551856
rs,0.12813559322033896,856.8650699249743,0.04524918932572661,-0.8360972621995064,0.7984499057671326,1.325990606551856
rs,0.13796610169491524,856.6971889675433,0.04524918932572661,-0.8377685140812209,0.7989196373149463,1.325990606551856
rs,0.1477966101694915,856.5293080101125,0.04524918932572661,-0.8394404210984058,0.7993888953910913,1.325990606551856
rs,0.15762711864406778,856.3614270526815,0.04524918932572661,-0.8411129836363612,0.7998576789408154,1.325990606551856
rs,0.16745762711864404,856.1935460952504,0.04524918932572661,-0.8427862020806872,0.8003259869118549,1.325990606551856
rs,0.17728813559322032,856.0256651378196,0.04524918932572661,-0.8444600768172833,0.8007938182544453,1.325990606551856
rs,0.1871186440677966,855.8577841803886,0.04524918932572661,-0.8461346082323582,0.8012611719213348,1.325990606551856
rs,0.19694915254237286,855.6899032229578,0.04524918932572661,-0.8478097967124181,0.8017280468677923,1.325990606551856
rs,0.20677966101694914,855.5220222655269,0.04524918932572661,-0.8494856426442772,0.8021944420516206,1.325990606551856
rs,0.2166101694915254,855.3541413080959,0.04524918932572661,-0.8511621464150497,0.8026603564331654,1.325990606551856
rs,0.22644067796610168,855.186260350665,0.04524918932572661,-0.8528393084121556,0.8031257889753275,1.325990606551856
rs,0.23627118644067793,855.018379393234,0.04524918932572661,-0.8545171290233186,0.8035907386435734,1.325990606551856
rs,0.24610169491525422,854.8504984358032,0.04524918932572661,-0.8561956086365659,0.8040552044059457,1.325990606551856
rs,0.2559322033898305,854.6826174783721,0.04524918932572661,-0.857874747640234,0.8045191852330752,1.325990606551856
rs,0.26576271186440675,854.5147365209413,0.04524918932572661,-0.859554546422957,0.8049826800981892,1.325990606551856
rs,0.27559322033898304,854.3468555635103,0.04524918932572661,-0.8612350053736824,0.8054456879771261,1.325990606551856
rs,0.2854237288135593,854.1789746060795,0.04524918932572661,-0.8629161248816573,0.8059082078483419,1.325990606551856
rs,0.2952542372881356,854.0110936486484,0.04524918932572661,-0.8645979053364411,0.8063702386929257,1.325990606551856
rs,0.3050847457627119,853.8432126912174,0.04524918932572661,-0.8662803471278925,0.8068317794946049,1.325990606551856
rs,0.3149152542372881,853.6753317337866,0.04524918932572661,-0.8679634506461801,0.8072928292397608,1.325990606551856
rs,0.3247457627118644,853.5074507763557,0.04524918932572661,-0.8696472162817823,0.8077533869174377,1.325990606551856
rs,0.3345762711864407,853.3395698189248,0.04524918932572661,-0.8713316444254797,0.808213451519352,1.325990606551856
rs,0.34440677966101696,853.1716888614937,0.04524918932572661,-0.8730167354683666,0.8086730220399061,1.325990606551856
rs,0.35423728813559324,853.0038079040629,0.04524918932572661,-0.8747024898018366,0.8091320974761949,1.325990606551856
rs,0.36406779661016947,852.835926946632,0.04524918932572661,-0.8763889078176003,0.8095906768280208,1.325990606551856
rs,0.37389830508474575,852.668045989201,0.04524918932572661,-0.8780759899076714,0.8100487590979015,1.325990606551856
rs,0.38372881355932204,852.50016503177,0.04524918932572661,-0.8797637364643743,0.8105063432910811,1.325990606551856
rs,0.3935593220338983,852.3322840743391,0.04524918932572661,-0.8814521478803418,0.8109634284155415,1.325990606551856
rs,0.40338983050847455,852.1644031169083,0.04524918932572661,-0.8831412245485153,0.8114200134820118,1.325990606551856
rs,0.41322033898305083,851.9965221594773,0.04524918932572661,-0.8848309668621496,0.8118760975039805,1.325990606551856
rs,0.4230508474576271,851.8286412020465,0.04524918932572661,-0.8865213752148043,0.812331679497704,1.325990606551856
rs,0.4328813559322034,851.6607602446154,0.04524918932572661,-0.8882124500003556,0.8127867584822194,1.325990606551856
rs,0.4427118644067797,851.4928792871845,0.04524918932572661,-0.8899041916129833,0.8132413334793518,1.325990606551856
rs,0.4525423728813559,851.3249983297536,0.04524918932572661,-0.8915966004471813,0.813695403513728,1.325990606551856
rs,0.4623728813559322,851.1571173723227,0.04524918932572661,-0.8932896768977574,0.8141489676127858,1.325990606551856
rs,0.47220338983050847,850.9892364148917,0.04524918932572661,-0.8949834213598274,0.8146020248067835,1.325990606551856
rs,0.48203389830508475,850.8213554574608,0.04524918932572661,-0.8966778342288201,0.8150545741288112,1.325990606551856
rs,0.49186440677966103,850.6534745000298,0.04524918932572661,-0.8983729159004761,0.815506614614801,1.325990606551856
rs,0.5016949152542373,850.485593542599,0.04524918932572661,-0.9000686667708478,0.8159581453035372,1.325990606551856
rs,0.5115254237288135,850.317712585168,0.04524918932572661,-0.9017650872363038,0.8164091652366674,1.325990606551856
rs,0.5213559322033898,850.1498316277371,0.04524918932572661,-0.9034621776935221,0.8168596734587116,1.325990606551856
rs,0.531186440677966,849.9819506703061,0.04524918932572661,-0.9051599385394953,0.8173096690170729,1.325990606551856
rs,0.5410169491525424,849.8140697128753,0.04524918932572661,-0.9068583701715286,0.8177591509620482,1.325990606551856
rs,0.5508474576271186,849.6461887554443,0.04524918932572661,-0.9085574729872445,0.8182081183468386,1.325990606551856
rs,0.5606779661016948,849.4783077980132,0.04524918932572661,-0.910257247384578,0.8186565702275584,1.325990606551856
rs,0.5705084745762712,849.3104268405824,0.04524918932572661,-0.9119576937617748,0.8191045056632458,1.325990606551856
rs,0.5803389830508474,849.1425458831515,0.04524918932572661,-0.9136588125174026,0.8195519237158746,1.325990606551856
rs,0.5901694915254238,848.9746649257206,0.04524918932572661,-0.9153606040503385,0.8199988234503615,1.325990606551856
rs,0.6,848.8067839682897,0.04524918932572661,-0.9170630687597802,0.8204452039345793,1.325990606551856
