parameter,output,normalized_sensitivity,baseline_output
eta0,qu50,0.05819559505880868,855.2962513227749
eta0,sI50,-0.09402860679069219,0.04524918932572661
eta0,beta50,,-0.8517404037648153
eta0,pf50,-0.17191476612672518,0.8028209048946049
etar,qu50,0.048314992151549156,855.2962513227749
etar,sI50,-0.07806418016667219,0.04524918932572661
etar,beta50,,-0.8517404037648153
etar,pf50,-0.142726619545547,0.8028209048946049
lambda_e,qu50,-0.059334102588361824,855.2962513227749
lambda_e,sI50,0.09586810221055285,0.04524918932572661
lambda_e,beta50,,-0.8517404037648153
lambda_e,pf50,0.1752788120268011,0.8028209048946049
cb0,qu50,0.06863280727961288,855.2962513227749
cb0,sI50,-0.08604639549291944,0.04524918932572661
cb0,beta50,,-0.8517404037648153
cb0,pf50,-0.2027471839489959,0.8028209048946049
dtanphi,qu50,0.04278618061434627,855.2962513227749
dtanphi,sI50,0.0,0.04524918932572661
dtanphi,beta50,,-0.8517404037648153
dtanphi,pf50,-0.12639403782495653,0.8028209048946049
kH,qu50,-0.05016808896641527,855.2962513227749
kH,sI50,0.0,0.04524918932572661
kH,beta50,,-0.8517404037648153
kH,pf50,0.14820082687265354,0.8028209048946049
kE,qu50,0.0,855.2962513227749
kE,sI50,0.08661593141369735,0.04524918932572661
kE,beta50,,-0.8517404037648153
kE,pf50,0.0,0.8028209048946049
chimin,qu50,0.0,855.2962513227749
chimin,sI50,0.0,0.04524918932572661
chimin,beta50,,-0.8517404037648153
chimin,pf50,0.0,0.8028209048946049
rs,qu50,-0.004392699935694155,855.2962513227749
rs,sI50,0.0,0.04524918932572661
rs,beta50,,-0.8517404037648153
rs,pf50,0.01297641138751566,0.8028209048946049
