Scenario,year,n_survivors,d_new_crossings,hazard,nu_minus_per_year
M,1.0,120000,0,0.0,0.0
M,2.0,120000,0,0.0,0.0
M,3.0,120000,0,0.0,0.0
M,4.0,120000,0,0.0,0.0
M,5.0,120000,0,0.0,0.0
M,6.0,120000,0,0.0,0.0
M,7.0,120000,0,0.0,0.0
M,8.0,120000,0,0.0,0.0
M,9.0,120000,0,0.0,0.0
M,10.0,120000,0,0.0,0.0
M,11.0,120000,0,0.0,0.0
M,12.0,120000,4,3.3333333333333335e-05,3.3333333333333335e-05
M,13.0,119996,0,0.0,0.0
M,14.0,119996,4,3.333444448148272e-05,3.333444448148272e-05
M,15.0,119992,1,8.333888925928395e-06,8.333888925928395e-06
M,16.0,119991,5,4.1669791901059244e-05,4.1669791901059244e-05
M,17.0,119986,3,2.500291700698415e-05,2.500291700698415e-05
M,18.0,119983,3,2.5003542168473868e-05,2.5003542168473868e-05
M,19.0,119980,6,5.000833472245374e-05,5.000833472245374e-05
M,20.0,119974,7,5.83459749612416e-05,5.83459749612416e-05
M,21.0,119967,10,8.335625630381688e-05,8.335625630381688e-05
M,22.0,119957,14,0.00011670848720791616,0.00011670848720791616
M,23.0,119943,17,0.0001417339903120649,0.0001417339903120649
M,24.0,119926,8,6.670780314527291e-05,6.670780314527291e-05
M,25.0,119918,18,0.0001501025700895612,0.0001501025700895612
M,26.0,119900,20,0.00016680567139282736,0.00016680567139282736
M,27.0,119880,24,0.0002002002002002002,0.0002002002002002002
M,28.0,119856,21,0.00017521025230276331,0.00017521025230276331
M,29.0,119835,19,0.00015855134142779656,0.00015855134142779656
M,30.0,119816,23,0.00019196100687721173,0.00019196100687721173
M,31.0,119793,29,0.00024208426201864882,0.00024208426201864882
M,32.0,119764,34,0.0002838916535853846,0.0002838916535853846
M,33.0,119730,28,0.0002338595172471394,0.0002338595172471394
M,34.0,119702,39,0.0003258090925799068,0.0003258090925799068
M,35.0,119663,34,0.0002841312686461145,0.0002841312686461145
M,36.0,119629,44,0.0003678037933945782,0.0003678037933945782
M,37.0,119585,38,0.000317765606054271,0.000317765606054271
M,38.0,119547,42,0.0003513262566187357,0.0003513262566187357
M,39.0,119505,34,0.0002845069243964688,0.0002845069243964688
M,40.0,119471,45,0.00037666044479413416,0.00037666044479413416
M,41.0,119426,56,0.00046890961767119386,0.00046890961767119386
M,42.0,119370,40,0.0003350925693222753,0.0003350925693222753
M,43.0,119330,57,0.0004776669739378195,0.0004776669739378195
M,44.0,119273,51,0.000427590485692487,0.000427590485692487
M,45.0,119222,47,0.0003942225428192783,0.0003942225428192783
M,46.0,119175,46,0.0003859869939165093,0.0003859869939165093
M,47.0,119129,64,0.0005372327476936766,0.0005372327476936766
M,48.0,119065,46,0.00038634359383530004,0.00038634359383530004
M,49.0,119019,57,0.00047891513119753987,0.00047891513119753987
M,50.0,118962,56,0.00047073855516887745,0.00047073855516887745
E1,1.0,120000,0,0.0,0.0
E1,2.0,120000,0,0.0,0.0
E1,3.0,120000,0,0.0,0.0
E1,4.0,120000,0,0.0,0.0
E1,5.0,120000,0,0.0,0.0
E1,6.0,120000,0,0.0,0.0
E1,7.0,120000,0,0.0,0.0
E1,8.0,120000,1,8.333333333333334e-06,8.333333333333334e-06
E1,9.0,119999,2,1.6666805556712972e-05,1.6666805556712972e-05
E1,10.0,119997,11,9.166895839062643e-05,9.166895839062643e-05
E1,11.0,119986,15,0.00012501458503492074,0.00012501458503492074
E1,12.0,119971,26,0.00021671904043477172,0.00021671904043477172
E1,13.0,119945,12,0.00010004585434991038,0.00010004585434991038
E1,14.0,119933,18,0.00015008379678653914,0.00015008379678653914
E1,15.0,119915,14,0.0001167493641329275,0.0001167493641329275
E1,16.0,119901,22,0.00018348470821761287,0.00018348470821761287
E1,17.0,119879,17,0.00014180965807188915,0.00014180965807188915
E1,18.0,119862,19,0.00015851562630358245,0.00015851562630358245
E1,19.0,119843,23,0.0001919177590681141,0.0001919177590681141
E1,20.0,119820,24,0.00020030045067601402,0.00020030045067601402
E1,21.0,119796,27,0.00022538315135730742,0.00022538315135730742
E1,22.0,119769,28,0.0002337833663134868,0.0002337833663134868
E1,23.0,119741,42,0.00035075705063428565,0.00035075705063428565
E1,24.0,119699,35,0.00029240010359317956,0.00029240010359317956
E1,25.0,119664,153,0.0012785800240673888,0.0012785800240673888
E1,26.0,119511,166,0.0013889934817715524,0.0013889934817715524
E1,27.0,119345,178,0.0014914742972055805,0.0014914742972055805
E1,28.0,119167,181,0.0015188768702744887,0.0015188768702744887
E1,29.0,118986,54,0.00045383490494680046,0.00045383490494680046
E1,30.0,118932,65,0.0005465307907039316,0.0005465307907039316
E1,31.0,118867,50,0.0004206381922653049,0.0004206381922653049
E1,32.0,118817,60,0.000504978243853994,0.000504978243853994
E1,33.0,118757,57,0.0004799717069309599,0.0004799717069309599
E1,34.0,118700,65,0.0005475989890480202,0.0005475989890480202
E1,35.0,118635,62,0.0005226113710119273,0.0005226113710119273
E1,36.0,118573,70,0.0005903536218194699,0.0005903536218194699
E1,37.0,118503,65,0.000548509320439145,0.000548509320439145
E1,38.0,118438,55,0.0004643779867947787,0.0004643779867947787
E1,39.0,118383,60,0.0005068295278882948,0.0005068295278882948
E1,40.0,118323,74,0.0006254067256577335,0.0006254067256577335
E1,41.0,118249,215,0.0018181971940566095,0.0018181971940566095
E1,42.0,118034,202,0.0017113712997949744,0.0017113712997949744
E1,43.0,117832,206,0.0017482517482517483,0.0017482517482517483
E1,44.0,117626,201,0.0017088058762518492,0.0017088058762518492
E1,45.0,117425,63,0.0005365126676602086,0.0005365126676602086
E1,46.0,117362,60,0.0005112387314462944,0.0005112387314462944
E1,47.0,117302,51,0.00043477519564883804,0.00043477519564883804
E1,48.0,117251,53,0.0004520217311579432,0.0004520217311579432
E1,49.0,117198,48,0.00040956330312803975,0.00040956330312803975
E1,50.0,117150,44,0.0003755868544600939,0.0003755868544600939
E2,1.0,120000,0,0.0,0.0
E2,2.0,120000,0,0.0,0.0
E2,3.0,120000,0,0.0,0.0
E2,4.0,120000,0,0.0,0.0
E2,5.0,120000,0,0.0,0.0
E2,6.0,120000,0,0.0,0.0
E2,7.0,120000,0,0.0,0.0
E2,8.0,120000,0,0.0,0.0
E2,9.0,120000,0,0.0,0.0
E2,10.0,120000,0,0.0,0.0
E2,11.0,120000,0,0.0,0.0
E2,12.0,120000,0,0.0,0.0
E2,13.0,120000,2,1.6666666666666667e-05,1.6666666666666667e-05
E2,14.0,119998,3,2.5000416673611228e-05,2.5000416673611228e-05
E2,15.0,119995,3,2.5001041710071252e-05,2.5001041710071252e-05
E2,16.0,119992,5,4.1669444629641973e-05,4.1669444629641973e-05
E2,17.0,119987,9,7.50081258803037e-05,7.50081258803037e-05
E2,18.0,119978,3,2.500458417376519e-05,2.500458417376519e-05
E2,19.0,119975,57,0.00047509897895394874,0.00047509897895394874
E2,20.0,119918,134,0.0011174302440000667,0.0011174302440000667
E2,21.0,119784,16,0.00013357376611233555,0.00013357376611233555
E2,22.0,119768,36,0.00030058112350544384,0.00030058112350544384
E2,23.0,119732,38,0.0003173754718872148,0.0003173754718872148
E2,24.0,119694,30,0.0002506391297809414,0.0002506391297809414
E2,25.0,119664,45,0.00037605294825511433,0.00037605294825511433
E2,26.0,119619,19,0.00015883764284938012,0.00015883764284938012
E2,27.0,119600,35,0.0002926421404682274,0.0002926421404682274
E2,28.0,119565,36,0.000301091456529921,0.000301091456529921
E2,29.0,119529,44,0.0003681115043211271,0.0003681115043211271
E2,30.0,119485,50,0.0004184625685232456,0.0004184625685232456
E2,31.0,119435,40,0.0003349102022020346,0.0003349102022020346
E2,32.0,119395,48,0.00040202688554797104,0.00040202688554797104
E2,33.0,119347,44,0.00036867286148793016,0.00036867286148793016
E2,34.0,119303,53,0.000444247001332741,0.000444247001332741
E2,35.0,119250,53,0.00044444444444444447,0.00044444444444444447
E2,36.0,119197,45,0.0003775262800238261,0.0003775262800238261
E2,37.0,119152,59,0.000495165838592722,0.000495165838592722
E2,38.0,119093,320,0.0026869757248536856,0.0026869757248536856
E2,39.0,118773,69,0.0005809401126518653,0.0005809401126518653
E2,40.0,118704,51,0.0004296401132228063,0.0004296401132228063
E2,41.0,118653,53,0.0004466806570419627,0.0004466806570419627
E2,42.0,118600,56,0.0004721753794266442,0.0004721753794266442
E2,43.0,118544,63,0.0005314482386286948,0.0005314482386286948
E2,44.0,118481,66,0.0005570513415653143,0.0005570513415653143
E2,45.0,118415,66,0.000557361820715281,0.000557361820715281
E2,46.0,118349,66,0.000557672646156706,0.000557672646156706
E2,47.0,118283,82,0.0006932526229466618,0.0006932526229466618
E2,48.0,118201,57,0.0004822294227629208,0.0004822294227629208
E2,49.0,118144,57,0.0004824620801733478,0.0004824620801733478
E2,50.0,118087,63,0.0005335049582087782,0.0005335049582087782
E3,1.0,120000,0,0.0,0.0
E3,2.0,120000,0,0.0,0.0
E3,3.0,120000,0,0.0,0.0
E3,4.0,120000,0,0.0,0.0
E3,5.0,120000,0,0.0,0.0
E3,6.0,120000,0,0.0,0.0
E3,7.0,120000,0,0.0,0.0
E3,8.0,120000,0,0.0,0.0
E3,9.0,120000,3,2.5e-05,2.5e-05
E3,10.0,119997,10,8.33354167187513e-05,8.33354167187513e-05
E3,11.0,119987,0,0.0,0.0
E3,12.0,119987,0,0.0,0.0
E3,13.0,119987,0,0.0,0.0
E3,14.0,119987,0,0.0,0.0
E3,15.0,119987,173,0.0014418228641436155,0.0014418228641436155
E3,16.0,119814,494,0.004123057405645417,0.004123057405645417
E3,17.0,119320,1228,0.010291652698625545,0.010291652698625545
E3,18.0,118092,1087,0.009204687870473868,0.009204687870473868
E3,19.0,117005,0,0.0,0.0
E3,20.0,117005,0,0.0,0.0
E3,21.0,117005,0,0.0,0.0
E3,22.0,117005,0,0.0,0.0
E3,23.0,117005,0,0.0,0.0
E3,24.0,117005,0,0.0,0.0
E3,25.0,117005,0,0.0,0.0
E3,26.0,117005,0,0.0,0.0
E3,27.0,117005,0,0.0,0.0
E3,28.0,117005,0,0.0,0.0
E3,29.0,117005,0,0.0,0.0
E3,30.0,117005,0,0.0,0.0
E3,31.0,117005,0,0.0,0.0
E3,32.0,117005,0,0.0,0.0
E3,33.0,117005,0,0.0,0.0
E3,34.0,117005,11477,0.0980898252211444,0.0980898252211444
E3,35.0,105528,0,0.0,0.0
E3,36.0,105528,0,0.0,0.0
E3,37.0,105528,0,0.0,0.0
E3,38.0,105528,0,0.0,0.0
E3,39.0,105528,0,0.0,0.0
E3,40.0,105528,0,0.0,0.0
E3,41.0,105528,0,0.0,0.0
E3,42.0,105528,0,0.0,0.0
E3,43.0,105528,0,0.0,0.0
E3,44.0,105528,0,0.0,0.0
E3,45.0,105528,0,0.0,0.0
E3,46.0,105528,0,0.0,0.0
E3,47.0,105528,0,0.0,0.0
E3,48.0,105528,0,0.0,0.0
E3,49.0,105528,0,0.0,0.0
E3,50.0,105528,0,0.0,0.0
E4,1.0,120000,0,0.0,0.0
E4,2.0,120000,0,0.0,0.0
E4,3.0,120000,0,0.0,0.0
E4,4.0,120000,0,0.0,0.0
E4,5.0,120000,0,0.0,0.0
E4,6.0,120000,0,0.0,0.0
E4,7.0,120000,0,0.0,0.0
E4,8.0,120000,0,0.0,0.0
E4,9.0,120000,1,8.333333333333334e-06,8.333333333333334e-06
E4,10.0,119999,0,0.0,0.0
E4,11.0,119999,1,8.333402778356486e-06,8.333402778356486e-06
E4,12.0,119998,1,8.333472224537076e-06,8.333472224537076e-06
E4,13.0,119997,0,0.0,0.0
E4,14.0,119997,2,1.666708334375026e-05,1.666708334375026e-05
E4,15.0,119995,3,2.5001041710071252e-05,2.5001041710071252e-05
E4,16.0,119992,2,1.666777785185679e-05,1.666777785185679e-05
E4,17.0,119990,5,4.167013917826485e-05,4.167013917826485e-05
E4,18.0,119985,0,0.0,0.0
E4,19.0,119985,6,5.000625078134767e-05,5.000625078134767e-05
E4,20.0,119979,0,0.0,0.0
E4,21.0,119979,0,0.0,0.0
E4,22.0,119979,0,0.0,0.0
E4,23.0,119979,0,0.0,0.0
E4,24.0,119979,0,0.0,0.0
E4,25.0,119979,0,0.0,0.0
E4,26.0,119979,0,0.0,0.0
E4,27.0,119979,0,0.0,0.0
E4,28.0,119979,0,0.0,0.0
E4,29.0,119979,0,0.0,0.0
E4,30.0,119979,1,8.33479192191967e-06,8.33479192191967e-06
E4,31.0,119978,1,8.334861391255063e-06,8.334861391255063e-06
E4,32.0,119977,11,9.168423947923352e-05,9.168423947923352e-05
E4,33.0,119966,3,2.5007085340846572e-05,2.5007085340846572e-05
E4,34.0,119963,13,0.00010836674641347749,0.00010836674641347749
E4,35.0,119950,0,0.0,0.0
E4,36.0,119950,0,0.0,0.0
E4,37.0,119950,0,0.0,0.0
E4,38.0,119950,0,0.0,0.0
E4,39.0,119950,0,0.0,0.0
E4,40.0,119950,0,0.0,0.0
E4,41.0,119950,0,0.0,0.0
E4,42.0,119950,0,0.0,0.0
E4,43.0,119950,0,0.0,0.0
E4,44.0,119950,0,0.0,0.0
E4,45.0,119950,0,0.0,0.0
E4,46.0,119950,0,0.0,0.0
E4,47.0,119950,0,0.0,0.0
E4,48.0,119950,1,8.336807002917883e-06,8.336807002917883e-06
E4,49.0,119949,12,0.00010004251807017983,0.00010004251807017983
E4,50.0,119937,18,0.00015007879136546686,0.00015007879136546686
E5,1.0,120000,0,0.0,0.0
E5,2.0,120000,0,0.0,0.0
E5,3.0,120000,0,0.0,0.0
E5,4.0,120000,0,0.0,0.0
E5,5.0,120000,0,0.0,0.0
E5,6.0,120000,0,0.0,0.0
E5,7.0,120000,0,0.0,0.0
E5,8.0,120000,1,8.333333333333334e-06,8.333333333333334e-06
E5,9.0,119999,1,8.333402778356486e-06,8.333402778356486e-06
E5,10.0,119998,12,0.00010000166669444491,0.00010000166669444491
E5,11.0,119986,18,0.00015001750204190489,0.00015001750204190489
E5,12.0,119968,0,0.0,0.0
E5,13.0,119968,0,0.0,0.0
E5,14.0,119968,0,0.0,0.0
E5,15.0,119968,1501,0.01251166977860763,0.01251166977860763
E5,16.0,118467,2239,0.01889977799724818,0.01889977799724818
E5,17.0,116228,4324,0.037202739443163435,0.037202739443163435
E5,18.0,111904,2989,0.026710394623963397,0.026710394623963397
E5,19.0,108915,0,0.0,0.0
E5,20.0,108915,0,0.0,0.0
E5,21.0,108915,0,0.0,0.0
E5,22.0,108915,0,0.0,0.0
E5,23.0,108915,0,0.0,0.0
E5,24.0,108915,0,0.0,0.0
E5,25.0,108915,0,0.0,0.0
E5,26.0,108915,0,0.0,0.0
E5,27.0,108915,0,0.0,0.0
E5,28.0,108915,0,0.0,0.0
E5,29.0,108915,0,0.0,0.0
E5,30.0,108915,0,0.0,0.0
E5,31.0,108915,0,0.0,0.0
E5,32.0,108915,0,0.0,0.0
E5,33.0,108915,0,0.0,0.0
E5,34.0,108915,316,0.0029013450856172243,0.0029013450856172243
E5,35.0,108599,0,0.0,0.0
E5,36.0,108599,0,0.0,0.0
E5,37.0,108599,0,0.0,0.0
E5,38.0,108599,0,0.0,0.0
E5,39.0,108599,0,0.0,0.0
E5,40.0,108599,0,0.0,0.0
E5,41.0,108599,0,0.0,0.0
E5,42.0,108599,0,0.0,0.0
E5,43.0,108599,0,0.0,0.0
E5,44.0,108599,0,0.0,0.0
E5,45.0,108599,0,0.0,0.0
E5,46.0,108599,0,0.0,0.0
E5,47.0,108599,0,0.0,0.0
E5,48.0,108599,0,0.0,0.0
E5,49.0,108599,0,0.0,0.0
E5,50.0,108599,0,0.0,0.0
